"","H2","v1","v1","v1","v1","v1","v1","v1","v1","v1","v1","v1","v1","v1","v1","v1","v1","v1","v1","v1","v1","v1","v1","v1","v1","v1","v1","v1","v1","v1","v1","v1"
"1",0,75.9274686848211,76.1880526731731,76.4585693749202,76.7136383688186,76.9757157816238,77.2256128554521,77.480098219496,77.7248068634142,77.9723081588549,78.2118549126843,78.4528795015063,78.6873404514193,78.9223228594782,79.1518092263954,79.3811269690848,79.6057732641492,79.8297584498638,80.0497137300601,80.2686618301623,80.4840833308309,80.6982598578717,80.9093083912818,81.1189540167468,81.3257906784148,81.5311251831916,81.7339090253138,81.9351343749514,82.1340207939304,82.3313235558778,82.5264632059681,82.720016470447
"2",1,76.9157687599714,77.1209851963568,77.334846768785,77.53727463893,77.7460625188052,77.9459095161325,78.1502002278283,78.3473876754475,78.5475762178961,78.7420567017191,78.9384640499595,79.1302282555945,79.3231222460065,79.5121887849489,79.7017959014159,79.8882027833797,80.0747168485376,80.2585151355555,80.4421039266636,80.6233530754248,80.8041633950474,80.9829278598771,81.1610894424377,81.337436216005,81.5130647545441,81.6870616050875,81.8602611113652,82.0319753363934,82.2028399943808,82.3723375564554,82.5409531895741
"3",2,75.9990336900521,76.2002985022219,76.4102037686948,76.6090349991556,76.8142601192494,77.0108328683112,77.2119101618105,77.4061205035462,77.6034082583031,77.7951846703026,77.9889718667333,78.178282061077,78.3688083530811,78.5556493123138,78.7431161969491,78.9275057579329,79.1120847923649,79.2940553321668,79.4758943746578,79.655488132189,79.8347161108021,80.0119817361972,80.1887123077082,80.3637023299398,80.538036700074,80.7108056806615,80.8828347893207,81.0534379881476,81.2232442128211,81.3917366356465,81.5593951283624
"4",3,75.0686339691183,75.2667163787062,75.4734295793289,75.6693535390191,75.8716934305404,76.0656096520371,76.2640749151697,76.4558607873951,76.6507818082626,76.8403478481915,77.0319892551919,77.2192859438816,77.4078658976833,77.5928738990161,77.7785747960093,77.9612966458677,78.144272978102,78.3247268116824,78.5051111269129,78.6833259990603,78.8612334441365,79.0372458500267,79.2127776457962,79.3866289430394,79.559875051691,79.7316095589342,79.9026507401398,80.0723143430591,80.2412237468371,80.4088628843536,80.5757072921733
"5",4,74.1267892637109,74.3223291038155,74.5264865342265,74.7200777253222,74.9200975513049,75.1118729927695,75.3082287919554,75.4980524342339,75.6910538104564,75.8788231422022,76.068716557747,76.2543694534529,76.4413569998707,76.624862095932,76.8091118514961,76.9904603324948,77.1721139586793,77.3513133311819,77.5304918264964,77.7075612514462,77.8843693303517,78.0593361332362,78.2338655674468,78.4067626355558,78.5790948109064,78.7499586584388,78.9201665381357,79.089035873926,79.2571855121074,79.4241001854344,79.5902518996582
"6",5,73.1756096424247,73.3691284824916,73.5712493378531,73.7629769861891,73.9611387777968,74.1511954593664,74.3458533953871,74.5340937092558,74.7255422308039,74.9118544978274,75.1003267935024,75.2846399181873,75.4703263102976,75.6526002904896,75.8356583400676,76.0158761407001,76.1964380530624,76.3745994277521,76.5527776578891,76.7288945016855,76.9047860156087,77.0788788771185,77.2525683983314,77.4246638668813,77.5962263553542,77.7663551083655,77.9358576586735,78.1040530070793,78.2715563066393,78.4378531159027,78.6034125697634
"7",6,72.2170646544814,72.4089788625505,72.6094780270746,72.7997174470478,72.9963911038138,73.1850671910117,73.3783573575273,73.5653184557747,73.7555087363756,73.9406369410812,74.1279510264641,74.3111690602035,74.4957888316352,74.6770506657711,74.8591261183371,75.0384089237995,75.2180654356067,75.3953634507592,75.572707283162,75.7480271911655,75.9231496675643,76.0965071182809,76.2694878046322,76.4409048015671,76.6118139316777,76.7813168725335,76.9502172017091,77.1178354127651,77.284783638527,77.4505482820656,77.6155961367843
"8",7,71.2529583816818,71.443592531007,71.6427937692905,71.8318381472716,72.0273129056033,72.2148730629853,72.4070540273976,72.5929743149446,72.7821374802414,72.9662959348949,73.1526583196861,73.3349735511339,73.5187110956623,73.6991330004906,73.8803903596428,74.0588921385616,74.2377898542615,74.4143619227312,74.5910018502076,74.7656472416023,74.9401166707659,75.1128475722253,75.2852223628464,75.4560575079714,75.6264044785404,75.7953671881071,75.963745939658,76.1308626524102,76.2973269643683,76.4626261384117,76.6272250401229
"9",8,70.2848925393307,70.4744903533047,70.6726371384262,70.860707264385,71.0552012332312,71.2418452975291,71.4331125303739,71.6181724424065,71.8064836056108,71.9898348460734,72.1754022908979,72.3569608054906,72.5399563125461,72.7196693020841,72.9002337796845,73.0780717737831,73.2563223606178,73.432273166483,73.6083086051374,73.782372735584,73.9562774534505,74.1284646781487,74.300311891097,74.470638637985,74.6404927142865,74.8089801143237,74.9768983783855,75.1435707971373,75.3096049088617,75.4744888464686,75.6386858589939
"10",9,69.3142001204907,69.502928781264,69.700188536453,69.8874366081358,70.0811005004119,70.2669668891581,70.4574561028949,70.6417812050396,70.8293625074623,71.0120201585458,71.1969024939216,71.3778068660164,71.5601589801384,71.7392554353683,71.9192155012552,72.0964727137824,72.2741553812142,72.4495593197079,72.6250610488581,72.798610427426,72.9720135394747,73.1437163840731,73.3150921415791,73.4849632010416,73.6543741536939,73.8224329501439,73.989934724088,74.1562040873778,74.3218467529492,74.4863517215114,74.6501808414183
"11",10,68.3419198957273,68.5298680763993,68.7263299999847,68.91283747362,69.1057523231618,69.2909158096252,69.4807006664078,69.6643594454825,69.8512778363422,70.0333044942864,70.2175625380361,70.3978698666994,70.5796337946467,70.7581657014628,70.9375714207595,71.1142950942563,71.2914551919841,71.4663551150133,71.6413641578222,71.8144375797982,71.9873761388283,72.1586296566043,72.3295673682297,72.499014346658,72.6680122430478,72.8356708713791,73.0027831578928,73.1686749876655,73.333950401056,73.4980992485909,73.6615820974346
"12",11,67.3693777841103,67.5565045129873,67.752128323729,67.9378592945981,68.1299902822835,68.3144195956345,68.5034701594492,68.6864356196594,68.8726655527551,69.0540381488152,69.2376503067412,69.4173411149906,69.5984988220728,69.7764499761444,69.9552865195826,70.1314634214819,70.3080890047546,70.4824743697784,70.6569813742081,70.8295707246654,71.0020377053954,71.1728359656275,71.3433306900821,71.5123496159202,71.6809313769604,71.8481876172849,72.0149089967839,72.1804226339317,72.3453308498081,72.5091243027299,72.6722622401787
"13",12,66.396799287783,66.5831191654772,66.7779193190988,66.9628867704015,67.1542465900092,67.3379532318394,67.5262806194017,67.7085628910537,67.8941140627276,68.0748414633237,68.2578161502513,68.4368981445542,68.6174568884415,68.794833935548,68.973107515751,69.148743325004,69.324839662948,69.4987152701806,69.6727246541721,69.8448339367997,70.0168329901085,70.1871792763513,70.3572339742427,70.5258274816461,70.6939954478417,70.8608513502319,71.02718360727,71.1923205779511,71.3568628835736,71.5203019994422,71.6830958690867
"14",13,65.425049051585,65.6105549251901,65.8045235687678,65.9887197085462,66.1792999741279,66.3622756008327,66.5498709783746,66.7314612574338,66.9163244656529,67.0963974903806,67.2787252080546,67.457188907944,67.6371389593053,67.8139321877947,67.9916329032419,68.1667177389226,68.3422748109828,68.5156306656678,68.6891323375082,68.8607514931999,69.032272499214,69.2021567320188,69.3717612937926,69.5399193219698,69.7076634283834,69.8741089851316,70.0400421298182,70.204792509669,70.36895901705,70.5320339813126,70.694474020631
"15",14,64.454892000612,64.6395627851332,64.8326776079442,65.0160810219764,65.2058593661794,65.3880823216434,65.5749233224989,65.7557998194288,65.9399527605393,66.1193495835951,66.3010081496603,66.4788317780461,66.6581511293857,66.8343388848901,67.0114449517228,67.1859573464348,67.3609536364266,67.5337685137171,67.7067412642934,67.8778493586191,68.0488714502065,68.2182730265638,68.3874069576783,68.555109269928,68.7224094211356,68.8884247912792,69.0539391499901,69.2182835183432,69.3820549947449,69.5447468272296,69.706814260114
"16",15,63.487191713415,63.6709993852892,63.8632305230445,64.0458123544582,64.2347584459042,64.4161991878002,64.602255128143,64.7823877903505,64.9657995457853,65.1444897636145,65.3254481341657,65.5026010784528,65.6812586611448,65.856810247959,66.0332906649013,66.2071999512769,66.3816046090889,66.5538479683252,66.7262611745602,66.8968278801436,67.0673207295253,67.2362096112802,67.4048429402775,67.5720598540071,67.7388864890382,67.9044424032264,68.0695088731871,68.2334184237906,68.39676626629,68.559046666634,68.7207134260233
"17",16,62.5238345497213,62.7067815421093,62.898128368698,63.0798851208745,63.2679924665316,63.4486421027789,63.6339012570804,63.8132763071194,63.9959304873347,64.1738959262045,64.3541335626369,64.5305937163407,64.7085653119469,64.8834551264547,65.0592824245545,65.2325599086984,65.40634260871,65.5779830439169,65.7498038853663,65.9197954344221,66.0897240589799,66.2580644399688,66.4261603278528,66.592854296416,66.759169000849,66.9242264457154,67.0888052949602,67.2522397987945,67.4151231942882,67.5769509476169,67.7381753556584
"18",17,61.5635109629266,61.7455612017733,61.935985752484,62.1168811613378,62.3041120428982,62.4839341901041,62.6683591022244,62.8469401520183,63.0287995984941,63.2060039683001,63.3854840477697,63.5612153078307,63.7384644674558,63.9126566708416,64.0877948125607,64.2604049868548,64.4335301386841,64.6045325315155,64.7757258986218,64.9451076124084,65.1144374145968,65.2821950992262,65.449719488955,65.6158568374598,65.7816261204416,65.9461519740363,66.110210300746,66.2731372163085,66.435523872043,66.596867040567,66.7576174308605
"19",18,60.6061145413457,60.7872272530534,60.9766869579131,61.15668067059,61.3429934231079,61.5219481730443,61.7054980344229,61.8832456958994,62.0642704367122,62.2406749336464,62.4193583095353,62.5943225077832,62.7708109037138,62.9442680042798,63.118679477526,63.2905855589796,63.4630164647023,63.6333447660503,63.8038747744951,63.9726113571235,64.1413072658831,64.3084477259471,64.4753663591127,64.6409133374048,64.8061037519829,64.9700650490986,65.1335702157803,65.2959573667406,65.4578154517553,65.6186426494011,65.7788879935931
"20",19,59.6514315948091,59.8315648651856,60.02001614833,60.1990670286129,60.3844193478361,60.5624663376506,60.7451000307659,60.9219747638543,61.1021248164575,61.2776907618925,61.4555385463363,61.6296978924326,61.8053876986617,61.9780728117973,62.1517208248966,62.3228868447193,62.4945877232156,62.6642068844488,62.8340387424908,63.0020960653024,63.1701242588611,63.3366142819102,63.5028942884598,63.667818593693,63.8323982040087,63.9957635425295,64.1586845304094,64.3205014046914,64.4818008003935,64.6420823929737,64.8017934558109
"21",20,58.6991454487028,58.8782593827479,59.0656608757182,59.2437299712939,59.4280818991855,59.6051830984191,59.7868619750485,59.9628267022123,60.1420646610415,60.3167559517014,60.4937319271196,60.6670513028188,60.8419074435227,61.0137864386033,61.1866370174727,61.3570298290739,61.5279677725877,61.6968456229136,61.8659474571248,62.0332943133974,62.2006239231974,62.3664332522403,62.5320447409263,62.696317049557,62.860256915542,63.0229978876559,63.1853066828036,63.3465257695697,63.5072393639688,63.6669487181222,63.8260992660267
"22",21,57.7487933295804,57.9268340515689,58.1131305734779,58.2901665631911,58.4734660951655,58.6495726114544,58.8302475881358,59.0052557922969,59.1835352962488,59.3573077261113,59.5333680809848,59.7058055163785,59.879786576005,60.0508196374547,60.2228336240121,60.3924154805647,60.5625534621829,60.7306542363241,60.898991034682,61.0655935534281,61.2321914744557,61.3972880465645,61.5621997186697,61.7257896913839,61.8890602261404,62.0511481339957,62.2128167723693,62.3734109357045,62.5335123036022,62.6926237686559,62.8511888357627
"23",22,56.8002320391497,56.9771781690338,57.1623472853424,57.3383287984404,57.5205537634544,57.6956442614142,57.8752934223521,58.0493238566435,58.2266232506115,58.3994557084229,58.5745790570244,58.7461136166118,58.9191984891113,59.0893648913845,59.2605214703477,59.4292718854602,59.5985893919671,59.7658928676438,59.933444430084,60.0992826744664,60.2651290303733,60.4294932123593,60.5936855250857,60.756573847833,60.9191558510746,61.0805717128701,61.2415813446983,61.4015319460633,61.5610025952019,61.7194978850275,61.8774593425714
"24",23,55.8530467426211,56.0288868516934,56.212916362603,56.3878315867494,56.5689695395166,56.7430318653366,56.9216425502063,57.0946827754982,57.2709892186902,57.4428690323676,57.6170423871587,57.78766121364,57.9598367971214,58.1291235411394,58.2994095271838,58.4673153995241,58.6357991915072,58.8022922011014,58.9690452618279,59.1341060306719,59.2991875553013,59.4628061422077,59.6262658533622,59.7884393444759,59.9503196206068,60.1110503025609,60.2713877998093,60.4306817756249,60.5895086648649,60.7473748063039,60.9047197177914
"25",24,54.9068477186037,55.0815793296302,55.2644662521884,55.4383119926137,55.6183592662006,55.7913895626365,55.9689574838945,56.1410030378056,56.3163116811268,56.4872338387764,56.6604518437787,56.8301494288913,57.0014099113138,57.169811042835,57.3392202152715,57.5062751921502,57.6739186846062,57.8395945216454,58.0055421728363,58.1698184477363,58.3341279492961,58.4969936499072,58.6597133200842,58.8211644520449,58.9823353480428,59.1423731203409,59.3020306481269,59.4606600979185,59.6188352401417,59.7760641914459,59.9327844451178
"26",25,53.9612600445479,54.1348882335131,54.3166373862107,54.4894177651269,54.6683781692441,54.8403796672918,55.0169077128464,55.1879609901581,55.3622738756499,55.5322399909533,55.7045039112081,55.8732811420968,56.0436270746601,56.2111428075432,56.3796750620842,56.5458787355087,56.7126812228666,56.8775389068165,57.0426798921602,57.2061701670519,57.3697058857413,57.5318167130969,57.6937941232541,57.8545204704457,58.0149793495017,58.1743213877443,58.3332959303841,58.4912576685279,58.6487777056446,58.8053659552835,58.9614578848323
"27",26,53.0160114539601,53.1885794555702,53.3692343008524,53.5409889650124,53.7189018793741,53.8899108414783,54.0654346423945,54.2355286659634,54.4088779532997,54.5779179615864,54.7492567325284,54.9171406149352,55.0865979328471,55.2532525030727,55.4209309798815,55.5863049748384,55.7522869916909,55.9163456922367,56.0806981168313,56.2434192573716,56.4061970332066,56.5675676949243,56.7288165740643,56.8888308262451,57.0485894510959,57.207246561268,57.365548051467,57.5228511280506,57.6797242911112,57.8356792549419,57.9911495108226
"28",27,52.071179369153,52.2427037008545,52.4222807441886,52.5930246540435,52.7699048375247,52.9399347553639,53.1144674652658,53.2836143238005,53.456011679827,53.6241363354916,53.7945602432554,53.9615602680297,54.1301379731962,54.2959396793075,54.462772184719,54.6273236779574,54.7924919171726,54.9557577582402,55.1193272779778,55.2812844221614,55.4433089456371,55.6039436582535,55.7644677986758,55.9237733127755,56.0828346407617,56.2408093793115,56.3984399990504,56.5550862264027,56.7113139782547,56.8666367780968,57.0214861570988
"29",28,51.1263720676793,51.2968544068207,51.4753553244416,51.6450899995455,51.820938951594,51.9899911963579,52.1635341527113,52.3317350761457,52.5031816887782,52.670392087853,52.8399021819303,53.0060193187293,53.173718332329,53.338668025142,53.5046553613003,53.6683850922174,53.8327402454824,53.9952138622804,54.1580010663651,54.319194752199,54.4804665174812,54.6403657285114,54.8001655363149,54.9587626757719,55.1171270314675,55.2744196838682,55.4313796823436,55.5873692737792,55.7429517940231,55.8976425765367,56.0518711941036
"30",29,50.1812619958964,50.3506891163691,50.5281006593091,50.6968140597503,50.8716198702933,51.0396835230173,51.2122260478708,51.3794711907293,51.5499575250721,51.7162448456552,51.8848326545773,52.0500590532386,52.2168718948492,52.3809626434737,52.5460982545127,52.7090001593349,52.8725365337606,53.0342126784362,53.196212679565,53.3566384253133,53.5171532969431,53.6763132426376,53.8353852837066,53.9932709564703,54.1509355595276,54.3075436610787,54.4638308668149,54.6191619426136,54.774097626229,54.9281550562872,55.081761833753
"31",30,49.235572071107,49.4039180379992,49.5802142716581,49.7478828721891,49.9216223133648,50.0886761209497,50.2601974729318,50.426467752106,50.5959753688701,50.7613225913446,50.9289718129382,51.093292407615,51.259204762238,51.4224233441991,51.5866947646236,51.7487573550282,51.9114642072274,52.0723330188284,52.2335366771285,52.3931861456949,52.5529364764159,52.7113502438098,52.8696882594607,53.0268568810729,53.1838167635399,53.3397359669208,53.4953466105409,53.6500159734585,53.8043021627524,53.9577241104122,54.1107074197914
"32",31,48.2888125465232,48.4560507131169,48.6312052831107,48.7978054587224,48.9704554974451,49.136478671056,49.3069588587068,49.4722361735455,49.6407478851658,49.8051394459193,49.9718354829412,50.1352370943831,50.3002367605243,50.4625722295999,50.6259694748031,50.7871838896355,50.9490532863472,51.1091078455272,51.2695091250842,51.4283772012026,51.5873587086501,51.7450228548418,51.9026241816301,52.0590738560872,52.2153278471656,52.3705576841239,52.5254919689006,52.6795004655647,52.8331386264624,52.985927146515,53.1382896116617
"33",32,47.3412915301464,47.5074055640206,47.6814024182987,47.8469198770731,48.0184666819248,48.1834468382686,48.3528740582092,48.5171478259704,48.6846536924038,48.8480807000417,49.013815327696,49.1762906466557,49.3403709798768,49.5018175015969,49.6643353835959,49.824697158883,49.9857252540519,50.1449623669434,50.304558657271,50.4626433211534,50.6208545313013,50.7777681191721,50.934632326961,51.0903631131162,51.2459117399575,51.4004531833249,51.5547125126045,51.7080619524573,51.8610542885247,52.013211954155,52.164956507666
"34",33,46.3937634560639,46.5587292410038,46.731544141559,46.8959567761871,47.0663783893379,47.2302953071631,47.3986496864051,47.5619014830223,47.7283835537799,47.890829289509,48.0555863353889,48.2171202541499,48.3802667296158,48.5408107130141,48.70243623543,48.8619332040638,49.0221084202119,49.180517253157,49.3392982943123,49.4965899585021,49.6540218347263,49.810176439345,49.9662956269604,50.1213001825319,50.2761365972609,50.4299833114286,50.5835618136951,50.7362467957331,50.8885883396709,51.0401106162716,51.1912331273696
"35",34,45.4469624779921,45.6107487232003,45.7823498436363,45.9456282628456,46.1148951142672,46.2777211951799,46.4449752313717,46.6071791877058,46.7726118761902,46.9340521313622,47.0978077910616,47.2583776879035,47.4205681637329,47.5801884980826,47.7409010730753,47.8995135588561,48.0588167629087,48.2163789985175,48.3743270206483,48.5308086524706,48.6874447032188,48.8428245047323,48.9981833797696,49.1524470284044,49.3065570637217,49.4596954493061,49.6125800129155,49.7645879510985,49.9162665816423,50.0671418358348,50.2176311121926
"36",35,44.5015783869826,44.6641475587124,44.8344964271421,44.9966048223689,45.1646805979538,45.3263816733306,45.49250103583,45.6536245885729,45.8179754124885,45.9783791872287,46.141102709708,46.3006790989696,46.461884451564,46.6205531114917,46.7803251495536,46.9380265308295,47.0964315824421,47.2531219450637,47.4102121789636,47.5658597909478,47.7216765458886,47.8762587878247,48.0308351114638,48.1843362716548,48.3376988571307,48.4901084530486,48.6422791165732,48.7935906174165,48.9445874260891,49.0947972810137,49.2446354140737
"37",36,43.557254202405,43.7185628711069,43.8876153092,44.0485128766323,44.2153565179933,44.3758942604139,44.5408407478458,44.7008479566042,44.8640813599161,45.0234150046105,45.1850732931863,45.3436247133451,45.5038141388505,45.6615017451399,45.8203045844047,45.9770674579094,46.1345476992833,46.2903406564318,46.4465483213081,46.6013381489578,46.7563125865419,46.9100751727676,47.0638475730446,47.2165657210589,47.3691610318345,47.5208227947434,47.6722611843938,47.8228585970354,47.973156570938,48.122684684446,48.2718559373936
"38",37,42.6135189339852,42.773540401932,42.9412692968135,43.1009310368217,43.2665174311956,43.4258684388224,43.5896187671443,43.748487764963,43.9105821536047,44.0688252695365,44.2293982980966,44.3869057486056,44.5460606796014,44.7027495584407,44.8605659912397,45.016373938636,45.1729134314559,45.3277937502376,45.4831040939337,45.6370220216999,45.7911404989242,45.9440703655208,46.0970262369899,46.2489492974813,46.400765698869,46.5516684817418,46.7023638711036,46.8522369194451,47.0018261818704,47.1506630942635,47.2991583851282
"39",38,41.6712094300314,41.8299221736995,41.9963051097053,42.1547098253831,42.3190171374715,42.4771605427079,42.6396934198665,42.7974036991112,42.9583383038434,43.1154707686087,43.2749382759121,43.4313820388136,43.5894827108241,43.7451535630139,43.9019643128823,44.056798464132,44.2123784128713,44.3663276596747,44.5207223616227,44.673750397048,44.8269950629833,44.9790746613018,45.1311966176963,45.282307486769,45.4333280523075,45.5834551955241,45.7333911130422,45.882523580067,46.0313881093185,46.1795180435002,46.3273217951755
"40",39,40.7311269379017,40.8885145555271,41.0535338090307,41.2106641463851,41.373673904246,41.5305914968052,41.6918877883929,41.8484203974787,42.0081755092198,42.1641777383631,42.3225195239427,42.4778794821925,42.6349052819181,42.7895375502343,42.9453216649836,43.0991611076724,43.2537602906969,43.4067572759713,43.5602149101303,43.7123316581196,43.8646809430494,44.0158887380343,44.1671551224913,44.3174321851324,44.4676352232581,44.6169650866664,44.7661198545719,44.9144901249887,45.0626083017794,45.2100097128396,45.3571004055547
"41",40,39.7940103190773,39.9500638206193,40.1137087729001,40.2695535266152,40.4312530191432,40.5869315563757,40.7469766601677,40.902316505176,41.0608758186737,41.2157310468042,41.372929276471,41.5271871643254,41.6831188903689,41.8366929704025,41.9914300321505,42.1442539752289,42.2978508988971,42.44987378737,42.6023719158293,42.7535546299297,42.9049852745304,43.0552977325537,43.2056845790572,43.3551036298263,43.5044645748456,43.652972388335,43.8013209409534,43.9489037793338,44.096250130747,44.2428974099276,44.3892492496427
"42",41,38.8591858270816,39.0139140137663,39.1761923930518,39.3307575365816,39.4911515752831,39.645594395866,39.8043904621161,39.9585384255631,40.1159016566378,40.2696084873898,40.4256606494227,40.5788129653302,40.7336460689411,40.8861565221016,41.0398401216291,41.1916413508326,41.3442279098328,41.4952678654451,41.6467968403054,41.7970352087159,41.9475361661346,42.0969416377797,42.2464366350701,42.3949848171981,42.5434902195388,42.6911620415562,42.8386899091745,42.9854704042906,43.1320295511784,43.2779069255024,43.4235037272831
"43",42,37.9259229487376,38.079333858463,38.2402530450366,38.3935446363669,38.5526385342301,38.7058498437903,38.8634002927019,39.0163588435874,39.1725276736214,39.325086955293,39.4799931326087,39.6320392187597,39.7857723136985,39.9372170878273,40.0898444897174,40.2406196664753,40.3921918881002,40.5422443893848,40.6927991053587,40.8420875224749,40.9916526530656,41.140144542443,41.2887406087799,41.4364104250096,41.5840523475677,41.7308798635252,41.8775783352207,42.0235474344203,42.1693099686976,42.314407722087,42.4592394527119
"44",43,36.9953885966972,37.1474821458744,37.3070408682458,37.4590566021163,37.6168468719191,37.7688222900407,37.9251216035741,38.0768844319024,38.2318514806418,38.3832551176644,38.5370062233396,38.6879363389117,38.840558776178,38.9909266205375,39.1424857488693,39.2922222421367,39.4427667503585,39.5918179094436,39.7413838096631,39.889707247981,40.038320926354,40.1858831772337,40.3335637245405,40.4803381946321,40.6270991863696,40.7730645907072,40.9189154464131,41.0640546116787,41.2090016326649,41.353300581905,41.4973477432266
"45",44,36.0686873105249,36.219456279293,36.377645695417,36.5283759760864,36.6848514851726,36.8355791947998,36.9906141342674,37.141167365348,37.2949174610435,37.4451496821561,37.5977287726117,37.7475254056217,37.8990186209043,38.0482904323294,38.1987612442905,38.3474385024022,38.4969339101711,38.6449618624836,38.793516342604,38.9408517531172,39.0884902777315,39.2350987781324,39.3818391212947,39.5276931849183,39.6735476845953,39.8186250766556,39.9636019805346,40.1078845725534,40.2519890656536,40.3954619283634,40.5386969173954
"46",45,35.1468271699162,35.2962589320464,35.4530644732166,35.6024941968162,35.7576380414929,35.9071006157384,36.0608521206118,36.2101761763465,36.3626882723904,36.5117275171424,36.6631117202858,36.8117514908813,36.9620909382042,37.1102416735344,37.2595980929064,37.4071895582178,37.5556083954726,37.7025852103092,37.8500995360846,37.9964177491074,38.1430512448062,38.2886757129461,38.4344449530573,38.5793473362496,38.7242635324762,38.8684207593168,39.0124910930587,39.1558841866697,39.2991128266868,39.4417260060804,39.5841148854108
"47",46,34.2280152976707,34.3761368892185,34.5315850013567,34.6797375764978,34.8335722503338,34.9817896539459,35.1342765555741,35.2823881061998,35.4336776200434,35.5815374204105,35.7317389646815,35.8792324274217,36.0284273530307,36.1754647514142,36.3237132343915,36.4702239913332,36.6175701041013,36.7634983688714,36.9099739455372,37.0552752050349,37.2009027964063,37.3455412815393,37.4903364144013,37.6342831151518,37.7782560192345,37.9214871654933,38.0646440931784,38.2071399919368,38.3494842264068,38.4912283715686,38.6327609966378
"48",47,33.3115229954015,33.4583698266326,33.6124958368137,33.7594032185371,33.9119601676597,34.0589610605792,34.2102112011692,34.3571357268874,34.5072271279939,34.6539299091983,34.8029700988496,34.9493367563708,35.0974054890499,35.2433462668482,35.3905023422952,35.5359464584145,35.6822327395628,35.8271240096672,35.9725712482469,36.1168647320046,36.2614944939725,36.4051539277487,36.5489808305172,36.6919766621648,36.8350100851535,36.9773179696373,37.1195633617648,37.2611630094477,37.4026228882007,37.5434971829808,37.6841718974996
"49",48,32.3994731836765,32.545030952948,32.6978190412129,32.8434653988365,32.9947274278737,33.1404945316703,33.2904894263908,33.436208303083,33.5850819050349,33.7306077975986,33.878465829311,34.0236846632406,34.1706053643112,34.3154274465139,34.4614683190416,34.6058227506817,34.7510255240117,34.8948558709277,35.0392502876378,35.182511261954,35.3261179737264,35.4687728930081,35.6116056758204,35.7536245177521,35.8956919660159,36.0370498789806,36.1783567008243,36.3190328634462,36.4595808707146,36.5995576184759,36.7393464830907
"50",49,31.4938673869484,31.6380746689717,31.7894604611215,31.9337845352301,32.0836881405165,32.2281603797889,32.3768373141403,32.5212897511828,32.6688835932582,32.8131721795165,32.9597868261482,33.103797864771,33.249510030356,33.3931539517767,33.5380198375103,33.6812256766531,33.8252858800131,33.9679969955256,34.1112802550733,34.2534510476657,34.3959771081735,34.5375705074016,34.6793523121141,34.8203378518509,34.9613832195424,35.1017355642215,35.2420484717734,35.3817462877441,35.5213278507114,35.6603529417741,35.7992021637569
"51",50,30.5965256503817,30.7392787262792,30.8891542255473,31.0320539000567,31.1804938874834,31.3235707168397,31.4708270757339,31.6139142043945,31.760128111738,31.9030822831656,32.0483557024512,32.1910636554591,32.3354716893465,32.477844015897,32.621441493721,32.7634071852072,32.9062335131801,33.0477357320791,33.1898185938989,33.3308114315752,33.4721696205566,33.612615613748,33.7532612004694,33.893129429132,34.0330694201557,34.172334050574,34.3115716573857,34.4502108262573,34.5887464357092,34.7267413953035,34.8645733114883
"52",51,29.7061779451605,29.8474023446655,29.9956897382358,30.1370911822399,30.283991235169,30.4255994627474,30.5713602970276,30.7130096640213,30.857769984577,30.9993181105078,31.1431778975137,31.2845120226707,31.4275447306638,31.5685756597571,31.7108347197287,31.8514914404138,31.9930150480351,32.1332405574352,32.2740553274426,32.4138034312919,32.5539271950917,32.6931600553654,32.8326040029174,32.971290259155,33.1100605784954,33.2481739086306,33.3862730405337,33.523791058369,33.6612186561922,33.7981220666924,33.9348757304066
"53",52,28.8210076956842,28.9606650697404,29.1073238941743,29.2471883458939,29.3925080223355,29.5326085059644,29.6768333745725,29.817005542141,29.9602718415468,30.1003742663695,30.2427800068844,30.3827004992483,30.5243175055036,30.6639671435721,30.8048474696977,30.9441552915932,31.0843359463557,31.2232448326081,31.3627513867146,31.5012149015845,31.6400642501009,31.778044221019,31.9162466989851,32.0537113618845,32.1912723642566,32.3281949425451,32.4651161642921,32.6014737800557,32.7377541651946,32.8735270048999,33.0091634725273
"54",53,27.9423668694792,28.0803910900437,28.2253521793786,28.3636139464808,28.5072852751925,28.6458127626763,28.7884347819078,28.9270650313709,29.068771457513,29.2073640759449,29.3482509112204,29.4866943427279,29.6268317554068,29.7650374025099,29.9044760519633,30.0423730439876,30.1811487403861,30.3186798739704,30.4568171367327,30.5939357609703,30.7314505446541,30.8681181736011,31.0050199562387,31.1412044392258,31.2774978219297,31.4131719414256,31.5488578733527,31.6839982704779,31.8190749866358,31.953661337726,32.0881250766984
"55",54,27.0714992443113,27.2077984610771,27.3509660634574,27.4875345010834,27.629463995534,27.7663290271867,27.9072567898251,28.0442569491307,28.1843140623395,28.3213100729871,28.4605904460648,28.59747144659,28.7360435248017,28.8727212850235,29.0106342797369,29.1470380495315,29.2843265289832,29.4203990399741,29.557086436242,29.6927808331341,29.8288821295315,29.9641596174962,30.0996834081527,30.2345114494944,30.3694615175199,30.5038124494826,30.6381889759771,30.7720389513726,30.9058394413934,31.0391676166427,31.1723876081732
"56",55,26.210033983683,26.3445020030652,26.485765331484,26.6205354833171,26.760614816629,26.8957136548568,27.0348410868399,27.1701087608706,27.3084126178375,27.4437110697029,27.581283076696,27.7165022152931,27.8534090239724,27.9884610420234,28.1247503604139,28.2595646682553,28.3952697785913,28.5297890706049,28.664932281825,28.7991095166753,28.9337048110615,29.0675008960209,29.2015559583282,29.3349379738742,29.4684557467807,29.6013955855474,29.7343754617609,29.8668487852041,29.9992875208832,30.1312729595091,30.2631653739532
"57",56,25.3541887802983,25.4867199667832,25.6259696557373,25.7588387023484,25.8969625591522,26.0301951175848,26.1674206545302,26.3008585460352,26.4373111267298,26.5708175435843,26.7065865384771,26.8400521656336,26.9752022875705,27.1085397265095,27.2431170537952,27.3762558466052,27.5102922633676,27.64317502789,27.7766916187163,27.9092710806557,28.0422807339602,28.1745174503665,28.3070268551989,28.4388874686509,28.570898646044,28.7023545459838,28.8338660231252,28.9648923194835,29.095900029827,29.2264747661306,29.3569727392402
"58",57,24.5021198193425,24.6326287517057,24.7697765526068,24.90066170606,25.0367454715965,25.1680315114857,25.3032739073467,25.4348043548961,25.5693275937585,25.7009668998961,25.8348578403359,25.9664974534185,26.0998187337918,26.2313716357055,26.3641675852111,26.4955634101353,26.6278644078575,26.7590456494128,26.8908714582495,27.0217905559206,27.153152880567,27.283769984152,27.4146744340141,27.5449556887354,27.6754032840087,27.8053195152216,27.9353078422589,28.0648335467714,28.1943576442378,28.3234702168375,28.4525232552279
"59",58,23.6582295056634,23.7866442978314,23.9216147868558,24.0504441885686,24.1844132831926,24.3136809900119,24.4468664128724,24.5764177608414,24.7089385317533,24.8386393320823,24.9705797743412,25.100322323933,25.2317429902985,25.3614407231644,25.4923841915885,25.6219668950345,25.7524620439202,25.8818721398299,26.0119374193709,26.1411271065841,26.2707730499213,26.3997021109162,26.5289332620584,26.6575673799639,26.7863837737577,26.9146932411907,27.0430915392488,27.1710502679109,27.2990246303298,27.4266093914071,27.5541521455972
"60",59,22.8266678645268,22.9529328626494,23.0856663556973,23.212381931779,23.3441748520802,23.4713638358724,23.6024290234009,23.7299387504519,23.8603921238691,23.9880899442828,24.1180133897088,24.2457926165473,24.3752447026299,24.5030193794183,24.632041036398,24.7597412517806,24.8883599619046,25.0159282059981,25.1441612113745,25.2715495749059,25.3994063410868,25.5265743649872,25.6540584732798,25.7809714981708,25.9080820989992,26.034709998636,26.1614429276314,26.2877591371764,26.4141077721436,26.5400885427732,26.6660444615908
"61",60,22.0112269092113,22.1353099607719,22.2657702803794,22.390335269149,22.5199115265392,22.6449805821274,22.7738809329772,22.8993036096238,23.0276410746705,23.1532864833748,23.2811407090377,23.4069033978841,23.5343311609811,23.6601259970747,23.7871667680557,23.9129243498319,24.0396043988095,24.165267487036,24.2916030283442,24.4171238018382,24.5431234100628,24.6684613581659,24.7941278247742,24.9192481293698,25.0445798893464,25.1694521830152,25.2944444109786,25.4190418240794,25.5436872763653,25.6679857059884,25.7922753675009
"62",61,21.2098588554754,21.3317632270937,21.4599512103834,21.5823639728461,21.7097193829508,21.8326621188471,21.9593886738731,22.0827133157418,22.2089213631214,22.3324989531818,22.4582661095004,22.5819926073048,22.7073740564286,22.8311653318734,22.956199274916,23.0799866158956,23.2046982945957,23.3284249110739,23.4528296902027,23.5764480254335,23.7005537620148,23.8240234271772,23.9478322919018,24.0711184801685,24.194628357586,24.3177006266805,24.4409061915027,24.5637375293907,24.686631073774,24.8091971818438,24.9317692512249
"63",62,20.4186895808933,20.5384118981206,20.6643223663266,20.7845764258503,20.9097026928031,21.0305096218424,21.1550511104043,21.2762653232507,21.4003298404085,21.5218244200333,21.6454876778313,21.7671601077343,21.8904758167084,22.0122430831263,22.1352482903635,22.2570424840212,22.3797615147863,22.5015264071978,22.623973885767,22.7456622954037,22.8678454678292,22.9894172365462,23.1113377570639,23.2327581959859,23.3544135008718,23.4756521972041,23.5970365613131,23.7180664625545,23.8391718118101,23.9599685231113,24.0807850593131
"64",63,19.6385975341002,19.7560925486587,19.8796771526801,19.9977256210652,20.1205732382656,20.2391958851324,20.3615016546034,20.4805554945848,20.6024247224569,20.7217849932678,20.8432915340122,20.9628573488924,21.0840534913195,21.203743051324,21.3246647434605,21.4444110343233,21.5650817422928,21.6848291838183,21.8052628502838,21.92496471817,22.045168037974,22.1647844826103,22.2847586536295,22.4042551782691,22.5239972484953,22.6433435407013,22.7628474446598,22.8820164793463,23.0012738355114,23.120241186727,23.2392419110754
"65",64,18.870424453139,18.9856038546841,19.1067697912447,19.2225241113435,19.3430010223106,19.4593506022565,19.5793292282175,19.6961338236494,19.8157169213253,19.9328540499204,20.0521135899596,20.1694841002612,20.288470938377,20.4059943358157,20.5247433205478,20.642353562704,20.7608873086476,20.8785295303044,20.9968613119343,21.1144893045428,21.2326252830191,21.3501995574038,21.4681404945633,21.585626792568,21.7033693702271,21.8207375217132,21.9382753572015,22.0554984026296,22.1728228305489,22.289876347739,22.4069770218239
"66",65,18.1147561431411,18.2274974704518,18.3461166801991,18.4594552465562,18.5774356465845,18.6913914024166,18.8089191200039,18.9233547201488,19.0405298442366,19.1553252205502,19.2722177537917,19.3872755956615,19.5039348995522,19.6191760994796,19.7356358789596,19.8509954313032,19.9672774179054,20.0827012235149,20.1988180012203,20.3142604075404,20.4302175882096,20.5456394981803,20.6614373967591,20.7768048156855,20.8924397402777,21.0077226597194,21.1231879051413,21.2383594460619,21.3536460591221,21.468681814416,21.5837791834682
"67",66,17.3657880508916,17.4759218524925,17.5918187823688,17.7025764444604,17.8178910731948,17.9292920587356,18.0442054607349,18.1561154492202,18.2707247514943,18.3830261744677,18.497399173204,18.6099966029051,18.724180964964,18.8369966895382,18.9510248039971,19.0639948381082,19.1778874021643,19.2909583775568,19.4047271490938,19.5178539201015,19.6315038377944,19.744647640017,19.8581784568191,19.9713054919073,20.0847130337219,20.197793382187,20.3110705178415,20.4240773043023,20.537214693171,20.6501234458058,20.7631101141933
"68",67,16.6219028916179,16.7292827796315,16.8423059996774,16.9503405160294,17.0628438117277,17.1715518240937,17.2837108054298,17.3929611020513,17.5048696511149,17.6145472129238,17.7262706868607,17.8362819815758,17.9478661548094,18.0581348507058,18.169610624575,18.2800737203476,18.3914606053602,18.5020654121683,18.6133742025273,18.7240760190548,18.835310853903,18.9460711779047,19.0572311304698,19.1680162837808,19.2790965866999,19.3898766586887,19.5008696489577,19.6116176851584,19.7225135330324,19.8332049124845,19.9439921839028
"69",68,15.8893303142547,15.9938755945657,16.1039403193158,16.2091707914993,16.318778661373,16.4247125935955,16.5340336278852,16.6405430260583,16.7496677988029,16.8566402901846,16.965631679106,17.0729757079404,17.1818775703721,17.2895182534549,17.398359990289,17.5062353689685,17.6150353004404,17.7230934163688,17.8318613763636,17.9400580177976,18.0487973545425,18.1570943220382,18.2658034415874,18.3741672141978,18.4828407713809,18.5912414814774,18.6998712990218,18.8082819448524,18.9168577229286,19.0252535642492,19.1337634284418
"70",69,15.1740860702614,15.2757779371076,15.3828622229156,15.4852656513335,15.5919520789738,15.695084826264,15.8015379599391,15.905275376735,16.0115826197223,16.1158151152973,16.2220369999622,16.3266751345114,16.4328537330087,16.5378242129981,16.6439875564984,16.7492296075442,16.8553949561069,16.9608574915894,17.0670338485023,17.1726732865369,17.2788633385121,17.3846419214043,17.4908435363335,17.5967280376989,17.7029354210823,17.8088961518475,17.915100739904,18.0211107846557,18.127301934313,18.2333365651136,18.3395020873207
"71",70,14.4820722830574,14.5809633862936,14.6851183855399,14.7847396393853,14.8885472335421,14.988916039512,15.0925357162053,15.1935308744155,15.297047179528,15.3985620163121,15.502033419964,15.6039807718139,15.7074478235386,15.809756164895,15.9132457741346,16.0158557056058,16.1193843098227,16.2222458156258,16.325821817553,16.4288921502193,16.5325177995233,16.6357598509728,16.739432697594,16.8428137456067,16.9465277625231,17.0500185067602,17.1537649576154,17.2573387788936,17.3611068887337,17.4647392803734,17.5685167544486
"72",71,13.8113293320846,13.9074206808141,14.0086448332094,14.1054799443678,14.206402038752,14.3039980428925,14.4047726668729,14.5030119117119,14.6037209146423,14.7024997560082,14.803199696822,14.9024333696509,15.0031634198438,15.1027822951523,15.2035683828376,15.3035145689988,15.4043724467811,15.5045971341845,15.6055347402955,15.7059961526513,15.8070154346744,15.9076772508989,16.0087755750283,16.1096057144895,16.210776954783,16.3117466429236,16.4129820234856,16.5140650737132,16.6153538201393,16.7165260824725,16.8178559260526
"73",72,13.1570944366033,13.250318619172,13.348540332542,13.442520269291,13.5404843662752,13.6352369368049,13.7330930489766,13.8285042668561,13.9263315389222,14.022300901345,14.1201539887254,14.216599230017,14.3145159447809,14.4113694243873,14.5093747404224,14.606580159065,14.7046891778479,14.8021990108589,14.9004192449858,14.9981927613508,15.0965258991271,15.1945276350696,15.2929709047244,15.3911694884114,15.4897167130645,15.5880839603585,15.6867263741343,15.7852365935006,15.8839634731746,15.982592931929,16.081392086123
"74",73,12.5209780335407,12.6113169825274,12.7065155673844,12.7976189718915,12.8926012100067,12.9844857418454,13.079396383258,13.1719518001631,13.2668673643262,13.3599963900218,13.4549697075563,13.5485926639273,13.6436602660434,13.737711590804,13.8328975761953,13.927322653131,14.022641551985,14.1173942324494,14.2128532125093,14.3078939018678,14.4034944738898,14.4987886565812,14.5945279934232,14.6900450969777,14.7859170541503,14.8816295749683,14.9776254805207,15.0735083117229,15.1696175779237,15.2656474931393,15.3618580904927
"75",74,11.9046935502472,11.9921694688395,12.0843658243354,12.1726103336574,12.2646266793542,12.353656302961,12.4456326841288,12.5353409666306,12.6273514240978,12.7176443756682,12.8097400477646,12.9005406518045,12.9927569121531,13.084001768797,13.1763619580257,13.2679982256106,13.3605164157381,13.4524994183867,13.5451825428842,13.6374739228462,13.7303234239525,13.8228897170489,13.915902820383,14.008714358535,14.1018850596392,14.1949151260818,14.2882349543188,14.3814591339494,14.4749177443384,14.5683134247075,14.6618990568006
"76",75,11.3100727058649,11.3947445393599,11.4839975721429,11.569436521078,11.658539464541,11.7447619771221,11.8338504379584,11.9207538536799,12.0098995982436,12.0973932477716,12.1866458998185,12.2746554857289,12.3640494213894,12.452513781483,12.5420717311137,12.63093988644,12.7206756031462,12.8099044482367,12.8998247646152,12.9893772832015,13.0794837024114,13.1693275914012,13.259617518628,13.349724127781,13.4401918236875,13.5305353392512,13.6211726585038,13.7117294753051,13.8025264389669,13.8932746780341,13.9842199175516
"77",76,10.737666930303,10.819460031312,10.9056901924554,10.9882466236231,11.0743550878232,11.1576912578743,11.2438091536214,11.3278263416717,11.4140231712167,11.4986341662156,11.5849580642775,11.6700914134094,11.7565757944348,11.8421726880533,11.928839715857,12.0148511439596,12.1017143025887,12.188098829259,12.2751649049707,12.3618869487265,12.4491575636479,12.5361860709493,12.6236588704543,12.710966293322,12.7986358656352,12.8861973743385,12.9740559630844,13.0618488404721,13.1498868971398,13.2378900732826,13.3260966859323
"78",77,10.1870383716348,10.26576034896,10.3487661404951,10.4282484131871,10.5111638316839,10.5914227622846,10.6743741364068,10.7553151992199,10.83836959552,10.919909257596,11.0031132030409,11.0851830323325,11.1685688967178,11.2511125774254,11.3347019015776,11.4176725068016,11.5014784690045,11.5848363253746,11.6688656434341,11.7525766806649,11.8368310842396,11.9208655616746,12.0053429325866,12.0896744574411,12.1743697131699,12.2589744843263,12.3438802628659,12.4287364890212,12.5138436801179,12.5989311326569,12.6842292902572
"79",78,9.65894641939532,9.73446790080494,9.81411331091876,9.8903915705814,9.96997887830815,10.0470302176498,10.1266807429079,10.2044149966716,10.2841932608006,10.3625307192216,10.4424815669466,10.5213569375226,10.6015116435797,10.6808712021601,10.7612506522587,10.8410496366525,10.9216666851788,11.0018672536865,11.0827285425676,11.1632981955986,11.2444055627732,11.3253159246146,11.4066674953274,11.4878933746864,11.5694844073694,11.6510030735599,11.7328266158364,11.8146172417195,11.8966646395199,11.9787078733555,12.0609691664117
"80",79,9.15486915736186,9.22710485861923,9.30329968612593,9.37628729559805,9.45245583781618,9.52621156873141,9.60247000053182,9.67690814405467,9.75331836963244,9.82836312622354,9.90496825901887,9.98055754892896,10.0573877358234,10.1334704888332,10.2105459404558,10.2870796131503,10.3644128503035,10.4413614806306,10.5189590679588,10.5962917705473,10.67415565958,10.7518454639909,10.8299740341834,10.9079969887155,10.9863858547388,11.064720335735,11.1433629738491,11.2219891539839,11.3008773884076,11.3797768279267,11.4589012088782
"81",80,8.67684500618198,8.74577239166747,8.81849161257921,8.88816340265477,8.96088567137076,9.03131795703233,9.10415428137967,9.17526581741989,9.248275476,9.31999438678856,9.39321875807214,9.46548619360254,9.53895429726154,9.6117218609779,9.68545323756603,9.75868062706497,9.83268747312136,9.90634063060419,9.98062944700664,10.0546791282218,10.1292519976336,10.2036726665641,10.2785282440273,10.3532972199265,10.428431501352,10.5035283011424,10.5789352198409,10.6543410517143,10.7300129418115,10.8057103158185,10.8816382726378
"82",81,8.19295414098347,8.25878069037452,8.32824063873989,8.39480142891726,8.46428867287946,8.53159965507358,8.60122039034732,8.66920448903616,8.73901555837121,8.80760457305283,8.87764575111861,8.94678386500071,9.01708313647233,9.08672447190059,9.15730077129329,9.22740714484646,9.29827238818575,9.36881155007937,9.43997220388395,9.51091647524958,9.58237477286692,9.65369999284897,9.72545487797677,9.7971395909273,9.86918744983759,9.94121227845987,10.0135475085816,10.0858946710448,10.1585101228327,10.2311630613262,10.3040503820242
"83",82,7.72734139110919,7.79009267011763,7.85631890804092,7.91979184307701,7.98606682790417,8.05027721158108,8.11670239127274,8.18157727197507,8.2482070932077,8.31368191258513,8.38055457665558,8.44657653011748,8.5137190114841,8.58024472874264,8.64767537725923,8.71466878986496,8.78239926062064,8.84982992886694,8.91786667295265,8.98570849041664,9.05405391097328,9.12228410322338,9.19093745247164,9.25953580382472,9.32849387942421,9.39744213638489,9.46669982233757,9.53598123388499,9.60553192102981,9.67513088487217,9.74496679813192
"84",83,7.2798756793932,7.33958526498401,7.40261181991122,7.46302816627083,7.52612214465862,7.58726086236676,7.65051903464517,7.7123112341837,7.77578569070119,7.8381704078444,7.90189780491689,7.96482521267434,8.02883153590868,8.09226074743748,8.15656377893868,8.2204608253231,8.28507197355589,8.34940821657006,8.41433393026039,8.47908483294845,8.54432769782507,8.60947187390807,8.67503146394642,8.74054994346012,8.80642348187812,8.87229914439448,8.93848201722676,9.00469915492335,9.07118531037981,9.13772929169459,9.20451155104507
"85",84,6.85038296123073,6.90709213393609,6.9669611874323,7.02436004798649,7.08431247533436,7.14241642484324,7.20254439468793,7.26128852875871,7.32164181474501,7.38096870091508,7.44158244072423,7.50144518197858,7.56234439034792,7.62270454742144,7.68390645120255,7.74473212818309,7.80624789830903,7.86751223943957,7.92934832949717,7.9910283544368,8.05318753923065,8.11526324214546,8.17774542398073,8.24019907730148,8.30300191221389,8.36581752906771,8.42893691349659,8.49209983312555,8.55553028243768,8.61902685092281,8.68276179414197
"86",85,6.43864781855556,6.49240518831228,6.54916669392859,6.60359465400369,6.66045283168481,6.71556654288389,6.77260904045203,6.82834749244194,6.88562180633848,6.94193102263834,6.99947079630414,7.05630674998423,7.11413604203111,7.17146269421803,7.2295981844934,7.2873856751734,7.34583830112936,7.40406152801073,7.46283774965354,7.52147526662594,7.58057804816873,7.63961121296783,7.69904078508844,7.75845310034088,7.81820755233415,7.87798415657338,7.93805989662496,7.99818717158639,8.05857928482406,8.11904455287894,8.17974708020421
"87",86,6.04441538616538,6.09527645780703,6.1489876942941,6.20049840486001,6.25431705695885,6.30649229345982,6.36050157407588,6.41328411632284,6.46752928414499,6.52086852352933,6.57538175038729,6.62923645884015,6.68404085897719,6.73837734030892,6.79348905085804,6.84827943395765,6.90370915820035,6.95893005583528,7.01468425638911,7.07031572526879,7.12639755022076,7.18242228603911,7.23883228821711,7.29523500308729,7.35197169890666,7.40873864028662,7.46579894419572,7.52291752355176,7.58029708603025,7.63775559259629,7.69544906339387
"88",87,5.66739357970879,5.71542026519169,5.76614533234564,5.81479903714482,5.86563982757111,5.91493512951622,5.9659705118111,6.01585386548194,6.06712690012546,6.11755096559065,6.16909237393472,6.22001864050863,6.27185060154257,6.32324764843583,6.3753857572989,6.42722764625149,6.47968236703874,6.53194737880737,6.58472516799378,6.63739482232683,6.69049900088618,6.74355729767207,6.79698872849301,6.8504215606293,6.90417917490462,6.95797387441561,7.01205508089404,7.06620006842314,7.12060107182702,7.17508558631465,7.22980163533567
"89",88,5.30725559021478,5.35251567542821,5.40032494070257,5.44618795496485,5.49411895276548,5.54059912825928,5.58872647796165,5.63577381870481,5.6841384224138,5.73170874823481,5.78033989679901,5.82839732386893,5.87731626791935,5.92583157506165,5.97505336537453,6.02400248303373,6.07353733568716,6.12290015774446,6.17275450989784,6.22251397177858,6.27269130138056,6.32283266596976,6.37333412853212,6.42384443347178,6.47466935691796,6.525536987161,6.57668325657565,6.62789761413967,6.67936197112634,6.73091322026401,6.78269149608858
"90",89,4.96364260646009,5.00620918104956,5.05117868571373,5.09432283475701,5.13941793616704,5.18315350947971,5.22844467715288,5.27272509448773,5.31825111251528,5.36303523627311,5.40882398420478,5.45407845913551,5.50015026440554,5.54584798582355,5.59221734993562,5.63833604581257,5.68501292477395,5.73153404043092,5.77852483510752,5.82543266760284,5.87274099270473,5.92002202012102,5.96764930161789,6.01529166373747,6.06323760314262,6.11123069964902,6.15949363500832,6.20782781490992,6.25640500166277,6.30507132351263,6.35395915321036
"91",90,4.63616672381039,4.67611758281666,4.71832841687498,4.75883044334427,4.80116875962831,4.84223538484963,4.88476760645389,4.92635552546743,4.9691183596217,5.01118935345016,5.0542092872627,5.09673242456576,5.14002886622903,5.18297906959339,5.22656596448958,5.26992268234391,5.31380971178275,5.35755587343891,5.4017493818919,5.44587058630057,5.49037430142262,5.53485818838822,5.57967378041797,5.62450954356516,5.66963706007068,5.71481506987655,5.76025327376836,5.80576478604377,5.85151141853912,5.89734834924033,5.94340033461577
"92",91,4.32441399648025,4.361831022763,4.40136867806328,4.43930962680407,4.47897484723286,4.51745269637805,4.55730796590983,4.59628254023224,4.63636253145046,4.67579840141045,4.71612822793112,4.75599677642827,4.79659493050072,4.83687301335532,4.87775287608309,4.91842158040189,4.95959254188617,5.00063620886643,5.04210453468788,5.08351000077993,5.12527950487056,5.16703551343849,5.20910808085776,5.25120482631936,5.29358081952884,5.33600959437845,5.37868816909879,5.42144109081661,5.46442044172596,5.50749024171141,5.55076779371819
"93",92,4.02794758944728,4.0629161258241,4.09986983678271,4.13533442638009,4.17241416576267,4.20838730044204,4.24565172405521,4.28209620927349,4.31957799859833,4.35646106135372,4.39418397599191,4.43147920014321,4.46946081959702,4.50714689662415,4.54540002889347,4.5834595992945,4.6219933255813,4.66041206681009,4.69923254966296,4.7379984677017,4.77710957859333,4.81621245854706,4.85561626545297,4.89504724572157,4.93474439202263,4.97449563445514,5.01448563348615,5.05455006807427,5.09483153221171,5.13520265966448,5.17577347862711
"94",93,3.74631098650737,3.77891920630637,3.81338128746784,3.84645727731777,3.88104241737444,3.91459815304407,3.94936129399788,3.98336241064468,4.01833428799246,4.05275053401397,4.08795357376767,4.12276061845028,4.15821149099655,4.19338976163536,4.22910069300723,4.26463429588673,4.30061404021583,4.33648991102444,4.37274450279287,4.40895174658391,4.44548508478974,4.48201446397669,4.51882876596705,4.55567230336828,4.59276845749106,4.6299191287423,4.66729696845413,4.70474846383086,4.74240698084746,4.78015352099211,4.81809103114094
"95",94,3.47903121212071,3.50936949643363,3.5414346856826,3.5722122471104,3.60439628063886,3.63562455216063,3.66797877567513,3.69962607070699,3.7321793206242,3.76421777299373,3.79699116349084,3.82939841143215,3.86240770835222,3.89516581407867,3.92842265318619,3.96151709999797,3.99502989037639,4.02844879288247,4.06222341575086,4.09595690618337,4.12999725754626,4.16403700961043,4.19834542181092,4.23268428143158,4.26726185068699,4.30189354979554,4.33674039074548,4.37165932556755,4.40677476917237,4.44197582861193,4.47735857609273
"96",95,3.22562202669452,3.25378235604983,3.28354717172244,3.31211827114522,3.34199665742158,3.37098939419604,3.40102922084638,3.43041443611788,3.46064268933649,3.49039476687757,3.52083127242853,3.55092970321473,3.58158932836736,3.61201770872845,3.64291149179182,3.67365659319829,3.70479258105306,3.73584361747711,3.76722751341179,3.79857557195721,3.83021123870013,3.86184883775561,3.89373868821739,3.92565943472783,3.95780473556098,3.99000305929928,4.02240416677294,4.05487511442356,4.08753165776163,4.12027073346123,4.1531817574115
"97",96,2.98558705768058,3.01166242515558,3.03922454458294,3.06568234605184,3.09335188524347,3.12020240356061,3.14802387922904,3.1752403348983,3.20323893394231,3.23079782688258,3.25899211201968,3.2868746711362,3.31527861882668,3.34346987491584,3.37209392043372,3.40058184522587,3.42943365748801,3.45820848549327,3.48729356635339,3.51634726777588,3.54566941732604,3.5749952889718,3.60455696693799,3.6341493148335,3.66395192129656,3.69380581455349,3.7238499080364,3.75396098805879,3.78424645499701,3.81461078767481,3.84513697415784
"98",97,2.75842283221423,2.78250668420124,2.8079643503879,2.83240264406965,2.85796087764677,2.88276329715485,2.90846338681054,2.93360538690252,2.95947077329345,2.98493083899678,3.01097884931806,3.0367398350549,3.06298356484433,3.08903183833024,3.11548111627512,3.14180576343625,3.16846786662062,3.19506006529616,3.22194027236102,3.24879280548701,3.27589482606806,3.30300170380035,3.33032801202625,3.35768417853336,3.38523627203545,3.41283737806601,3.44061597915774,3.46845820569874,3.49646341766628,3.52454333928439,3.55277476784144
"99",98,2.54362168085974,2.56580739082318,2.58925885304958,2.61177151534433,2.63531615859163,2.65816484894152,2.68184086066317,2.70500312719919,2.72883225698648,2.75228844250313,2.77628681185287,2.80002128715211,2.82420112293877,2.84820149804188,2.87257202118322,2.89682841279492,2.92139649698187,2.94590095145858,2.97067163254897,2.9954176773621,3.02039454879153,3.04537684434184,3.070562364152,3.09577643357355,3.12117216282236,3.14661418236766,3.17222097026847,3.1978876067474,3.22370573445939,3.2495940192236,3.27562331155407
"100",99,2.34067448621764,2.36105486585541,2.38259785902692,2.40327834910148,2.42490676088193,2.44589582369468,2.46764486842092,2.48892200962576,2.51081180305949,2.53235910036369,2.55440459049761,2.57620782596328,2.59842038581181,2.62046832079171,2.64285656494551,2.66514026683373,2.68771065666819,2.71022296859055,2.73298028020934,2.75571540880871,2.77866309622629,2.80161629166668,2.82475676876561,2.84792407639825,2.87125893582967,2.89463700351948,2.91816718665333,2.94175311533305,2.96547904421512,2.98927027201012,3.01319195183637
"101",100,2.14907325455743,2.1677401058415,2.18747137241835,2.20641226898992,2.2262209629312,2.24544375329011,2.26536224480893,2.28484826196271,2.30489509216328,2.32462803100903,2.34481700894312,2.36478396230543,2.38512562456647,2.4053164183699,2.42581877745971,2.44622535358382,2.46689445251662,2.487510382721,2.50835072377339,2.52917083188736,2.55018570930588,2.57120577794813,2.59239753620006,2.61361407917646,2.63498431340435,2.65639439911145,2.67794411072512,2.69954522516122,2.72127494261258,2.74306488314397,2.76497475568524
"102",101,1.96831349313134,1.98535720377537,2.00337206113711,2.02066464240076,2.03874884269064,2.05629753340535,2.07448073210797,2.09226856864772,2.11056779314096,2.12857997550068,2.14700793275885,2.16523276911808,2.18379917940278,2.20222747815846,2.22093975900294,2.23956426463422,2.25842803767175,2.27724298647644,2.29626246918645,2.31526324400339,2.33444155364667,2.35362441584946,2.37296380533789,2.39232568685644,2.41182772779482,2.43136606974677,2.4510317944741,2.47074442198411,2.49057443379834,2.51045945891263,2.53045401760993
"103",102,1.79789638027857,1.81340556428919,1.82979751944029,1.84553138812044,1.86198463213838,1.87794982309485,1.89449142604912,1.91067256157407,1.92731809958086,1.94370177866669,1.96046289565545,1.97703855185558,1.99392417443755,2.01068352150167,2.02770048224948,2.04463699999964,2.06179049923392,2.07889902875995,2.09619299140895,2.11346942050366,2.1309067729129,2.14834779193535,2.16593067663872,2.18353358907782,2.20126353142683,2.21902610692943,2.2369041443648,2.25482450472652,2.27285128706451,2.29092781780656,2.30910368503968
"104",103,1.63733071973329,1.65139190386827,1.66625231650158,1.68051507114533,1.69542886024823,1.70989923426869,1.72489101323864,1.73955510415929,1.75463906158258,1.7694847675141,1.78467152529079,1.7996893208178,1.81498703705872,1.83016946934391,1.84558440448833,1.86092562626406,1.87646256245766,1.89195796440478,1.90762052951309,1.92326645464544,1.93905737352551,1.95485089555932,1.97077218496871,1.98671093637591,2.00276405615362,2.01884609477601,2.0350320650974,2.05125577068618,2.06757526300017,2.0839392569783,2.1003926645318
"105",104,1.48613467460806,1.49883203080566,1.5122498249268,1.52512677776508,1.53859027670593,1.5516523025189,1.56518379069309,1.57841835840896,1.59203070157261,1.60542691487149,1.61912975566036,1.63267905155067,1.64647980701238,1.66017549939917,1.67407987335125,1.68791673035567,1.70192909288353,1.71590300421113,1.73002668479518,1.7441344033666,1.75837191814154,1.77261085964902,1.78696408763932,1.8013321750696,1.81580249484879,1.83029803789568,1.84488643354808,1.85950803509398,1.87421517836861,1.88896166196616,1.90378797596838
"106",105,1.3438372802582,1.35525240343195,1.36731382702551,1.3788877680219,1.39098755272834,1.40272523490624,1.41488346231553,1.42677362902981,1.43900190741226,1.45103478069426,1.46334181766462,1.47550972406741,1.48790222510456,1.50019918386264,1.51268231416618,1.52510365616782,1.53768138269703,1.55022345073324,1.56289880632551,1.57555872232759,1.58833401040702,1.60110949491836,1.61398644819681,1.62687568037981,1.63985558388263,1.65285709296716,1.66594087939497,1.67905346051265,1.69224178415349,1.7054644330849,1.71875772709725
"107",106,1.20997973858041,1.22019146860178,1.23097990020073,1.24133090629853,1.25215075908639,1.26264543416141,1.27351471108205,1.28414298267713,1.29507210016485,1.30582522767893,1.31682200374855,1.32769313602921,1.3387635958733,1.34974740122894,1.36089619168479,1.37198851595018,1.38321921239191,1.39441681003712,1.405732153279,1.41703247868064,1.42843455853216,1.43983560413809,1.45132600165929,1.46282617253059,1.4744060702732,1.48600408683266,1.49767435426418,1.50936917691366,1.52113043660514,1.5329212072978,1.54477388620277
"108",107,1.08411649921588,1.09320078544056,1.10279658595096,1.11200187402494,1.12162262477862,1.13095280220546,1.14061454926539,1.15006064408266,1.1597726776554,1.16932691170104,1.17909620647939,1.18875248909516,1.19858442275636,1.20833802004841,1.21823674329614,1.2280839728513,1.2380526833637,1.24799067428752,1.25803182811489,1.26805833483145,1.2781738101297,1.2882870680678,1.29847829194648,1.30867690570592,1.31894495249431,1.32922780918664,1.33957347655165,1.34993967865155,1.36036354655405,1.3708123598709,1.38131483622578
"109",108,0.965816135585964,0.973845941920524,0.982326349658383,0.990460171283091,0.998959582705914,1.00720082890751,1.01573345215017,1.02407417404783,1.03264823830811,1.04108155105397,1.04970323450394,1.05822375133607,1.0668978180761,1.07550135635757,1.08423148485143,1.09291479511299,1.10170382128546,1.11046437435272,1.11931447910735,1.1281503009929,1.1370631553912,1.1459726993832,1.1549495770733,1.16393162465437,1.17297348893273,1.18202707303471,1.19113464425879,1.20025898982048,1.2094327976026,1.21862727553087,1.22786769914553
"110",109,0.854662025671315,0.86170727392717,0.869146340544677,0.876279916407437,0.883732611132715,0.890957474547094,0.898436283360676,0.905745437068572,0.91325759264634,0.920644981481768,0.928195912460559,0.935656801857576,0.943250693531867,0.95078141000553,0.95842149382848,0.966019186137255,0.973707953953982,0.98137040556706,0.989109774795366,0.99683525851043,1.00462669996896,1.01241386533664,1.02025850219292,1.02810628835664,1.0360049727164,1.0439125409328,1.05186591311856,1.05983259451633,1.0678411289443,1.0758663840817,1.08393042476386
"111",110,0.75025284894716,0.756380398086361,0.762848962900012,0.769050454514776,0.775527881673284,0.781805856515247,0.788303022108305,0.794651368661129,0.801174572263929,0.807588006541825,0.814141974086301,0.820616366563848,0.827204739799197,0.833736888128786,0.840362477718828,0.846949897922766,0.853614870695208,0.860255633314666,0.866961656566483,0.873654259707317,0.880402612822521,0.887145883901983,0.89393754470918,0.900730564425162,0.907566276009192,0.914408319508278,0.921288641896607,0.928179133251912,0.935104483397211,0.94204296038597,0.949013643092929
"112",111,0.652202911907251,0.657476570748798,0.663042270930743,0.668376787246795,0.673947226007698,0.679344752368928,0.684929304365186,0.690384554275162,0.695988648015169,0.701497054892664,0.707124759942402,0.712682756298987,0.71833720626656,0.723942026583525,0.72962563820391,0.735275138178769,0.740989773356305,0.746682288163981,0.752429378784954,0.758163613322516,0.763944257742137,0.769719201736514,0.775534239389142,0.781349101744184,0.787199170835485,0.793053328860215,0.798938910975106,0.804831871121404,0.81075332571323,0.816684693214835,0.822642284269557
"113",112,0.560142315143796,0.564622886167965,0.569350200323444,0.573879836870631,0.578608434510308,0.583188932445457,0.587926791182145,0.592553633009986,0.597305370622515,0.601974657675071,0.606743732879832,0.611452420426356,0.616241493891224,0.620987222222643,0.62579834389495,0.630579283761538,0.635414031381066,0.640228762883701,0.645088348608305,0.649935767480103,0.654821120262503,0.659700365427768,0.664612194676082,0.669522592263123,0.67446143703673,0.679402457109069,0.684368724134791,0.689339947252662,0.694333940300484,0.699335031680104,0.70435697426123
"114",113,0.473716974986114,0.477462327049191,0.481412649878141,0.485196558248806,0.489145400457075,0.49296933584286,0.496923378089615,0.500783540190286,0.504746647866621,0.508639760244298,0.512614825583825,0.516538330250673,0.520527575631117,0.5244794905105,0.528484626150125,0.532463414950974,0.536485755472951,0.540490225813707,0.544530779916765,0.548560004547166,0.552619544236023,0.556672800187769,0.560751914237967,0.564828635829848,0.568927771076946,0.573027513621411,0.577147006846267,0.581269418621478,0.585409521172566,0.589554321778242,0.593715218584749
"115",114,0.392588512198354,0.395653680255882,0.398885426291321,0.401979912033899,0.405208123445649,0.408333103660895,0.411563259736269,0.414715603199705,0.417950872996041,0.42112788311382,0.424370635273188,0.427570207558176,0.430822259916974,0.434042764112578,0.437305513766188,0.440545686507843,0.443820205914794,0.447079066770975,0.45036617762989,0.453642964230361,0.456943294473574,0.4602374124408,0.463551440215861,0.466862424526385,0.470190512136247,0.473517997303864,0.476860417397624,0.480204114464896,0.483561070247991,0.486920749032055,0.490292389861155
"116",115,0.316434019112362,0.318871329457782,0.321440064300297,0.323898711703181,0.326462585058371,0.328943482927907,0.331506863591015,0.334007504780321,0.336572918947528,0.339091147067464,0.341660480873534,0.344194613939719,0.346769313168305,0.349318048785579,0.351899223182052,0.354461552443988,0.357050052759652,0.359625192969347,0.36222167013863,0.364809012870089,0.367413963625352,0.370013034671189,0.37262683671377,0.375237265202655,0.377860204321521,0.380481698906832,0.383113989888048,0.385746320389133,0.388388123137558,0.391031106385399,0.393682538354677
"117",116,0.244945714662904,0.246804934743916,0.24876353279555,0.250637355596351,0.252590508508062,0.254479613506873,0.256430665567772,0.258333127202926,0.260284012333608,0.262198176929461,0.264150337687748,0.266074916435851,0.268029457404335,0.26996345311339,0.271921221226567,0.273863862006487,0.275825505851717,0.277776193351283,0.279742208676516,0.281700478161869,0.283671242920989,0.285636732519277,0.287612533868413,0.289584960875111,0.291566015968844,0.29354515859702,0.295531630608233,0.297517313930097,0.299509324390333,0.301501409508352,0.303499047813678
"118",117,0.177830493799426,0.179159006418327,0.180557834904874,0.181895452712392,0.183289011805696,0.184636208274817,0.186026898643301,0.187382289130228,0.188771499784078,0.190133897321615,0.191522663641215,0.19289114430905,0.194280258482673,0.195654108329133,0.197044177353078,0.19842284450048,0.199814332974796,0.201197390281094,0.20259065321833,0.203977769510489,0.205373077575379,0.206763995509949,0.208161554442001,0.20955607346794,0.210956039027881,0.212354002276058,0.213756491747614,0.215157775942139,0.216562876982964,0.217967384677978,0.219375162130614
"119",118,0.114809373130261,0.115652375838428,0.116539505972326,0.117387347209154,0.118270160459013,0.119123133614893,0.120003162569319,0.120860384305775,0.12173851682641,0.12259923161772,0.123476129348378,0.124339750200998,0.125215919238395,0.126081993486465,0.126957821611358,0.127826000164444,0.128701784296585,0.129571797697611,0.130447764920365,0.131319404921464,0.132195728637338,0.133068834036527,0.133945646384933,0.134820092139295,0.135697493541526,0.136573182399063,0.13745124889505,0.138328104962555,0.139206893850252,0.140084857649337,0.140964411819389
"120",119,0.0556168274306961,0.0560175593113261,0.0564390069153552,0.0568415405005137,0.0572604200725823,0.0576648920206861,0.0580819379534888,0.058487926778339,0.0589035654807068,0.0593107117012523,0.059725261055072,0.0601332861448923,0.0605469894164448,0.0609556792644346,0.0613687230308918,0.0617779131303519,0.0621904404903162,0.0626000044251617,0.0630121251026307,0.0634219656987239,0.0638337637971356,0.0642438063286981,0.0646553462833585,0.0650655332576493,0.0654768644052588,0.0658871515588969,0.06629831164546,0.0667086648709044,0.0671196827446606,0.0675300757307512,0.0679409734094671
