"","DT2","","","","","","","","","","","","","","","","","","","","","","","","","","","","","","",""
"1",0,77.4095339237877,78.1908626116817,78.7242351035848,79.145105614723,79.5008238705745,79.8149026897922,80.100787889799,80.3667720849791,80.6182169029712,80.8587059121901,81.0906968653051,81.3159124571502,81.5355839043663,81.7506072424041,81.9616458975902,82.1691992706763,82.3736493564711,82.575292919509,82.7743640238637,82.9710500288028,83.1655030969772,83.3578485789985,83.5481911947551,83.7366196403931,83.9232100562227,84.1080286606476,84.2911337667156,84.4725773369911,84.6524061900251,84.8306629417769,85.007386743965
"2",1,78.1932608494252,78.8199913042432,79.2521273139458,79.5956330202236,79.887720439799,80.1469696020389,80.3840588859662,80.6056016097133,80.8158874067221,81.0177897087357,81.2132815193195,81.4037457948003,81.5901697185252,81.773269823091,81.9535743749311,82.1314786213156,82.3072824426321,82.4812164002581,82.6534600150849,82.8241547712598,82.9934134901765,83.1613271733389,83.3279700568608,83.4934033859834,83.6576782619324,83.8208378083849,83.9829188333007,84.1439531126097,84.3039683879053,84.4629891460469,84.6210372312486
"3",2,77.2623455908802,77.8791305679653,78.3051182584379,78.6441220688782,78.9326356883786,79.1888994889108,79.4234057903597,79.642657005313,79.8508727638853,80.0508803281113,80.2446210986978,80.4334556592699,80.6183548432581,80.8000228647801,80.978978434064,81.1556091773401,81.3302087392806,81.5030024585784,81.6741653899833,81.8438351283811,82.0121210549124,82.1791110874106,82.3448766670948,82.5094764826138,82.6729592787956,82.8353659939319,82.9967313989488,83.157085363244,83.3164538381165,83.4748596248036,83.6323229770536
"4",3,76.320497848286,76.9292021065482,77.3501693193858,77.6854833421745,77.9710587514068,78.2248614270846,78.4572330285489,78.6745860326649,78.8810832519247,79.0795144636527,79.2717954177255,79.4592685541227,79.6428914650718,79.8233584063287,80.0011803790476,80.1767388753955,80.3503225323723,80.5221525034478,80.6924002711231,80.8612003242648,81.0286592997997,81.1948626577175,81.3598796124708,81.5237668159178,81.6865711350945,81.8483317658371,82.00908185363,82.1688497450615,82.3276599598078,82.4855339494322,82.6424906923937
"5",4,75.3694805653112,75.971662100942,76.3885533751516,76.7208588791515,77.0040299865661,77.2558124087231,77.4864266817484,77.7022128561462,77.9072879408009,78.1044114837258,78.2954785555905,78.4818169839638,78.6643737143178,78.8438350125647,79.0207057104927,79.1953624050138,79.3680897481006,79.5391055717046,79.7085785301975,79.8766406585073,80.0433964290027,80.2089293652578,80.3733069286095,80.5365841678107,80.6988064717646,80.860011664069,81.0202316091394,81.1794934521522,81.3378205819095,81.4952333823152,81.6517498214234
"6",5,74.4109856086088,75.0079201391813,75.4215106423486,75.7513676058029,76.0325737915353,76.2826991298454,76.511867191592,76.7263599306791,76.9302575695171,77.1262953673033,77.3163517855145,77.5017429291739,77.6834072192255,77.8620245411088,78.0380948153958,78.2119907555909,78.3839938636999,78.5543193553738,78.7231336645107,78.890566904778,79.0567218577563,79.2216805370914,79.3855090387501,79.5482611637647,79.7099811507682,79.8707057551884,80.0304658435655,80.1892876243044,80.3471936032973,80.5042033296186,80.6603339798994
"7",6,73.4466098279005,74.0393202327409,74.4502327869342,74.7780917284535,75.0576868190875,75.3064477337499,75.534420430387,75.7478402522199,75.9507578649021,76.1458890019241,76.3350987783386,76.5196938925353,76.7006059409392,76.8785097171415,77.0539012375322,77.227150141922,77.3985354505818,77.5682703273143,77.7365194721329,77.9034115042943,78.0690478945857,78.233509489173,78.3968613303886,78.5591562576593,78.7204376236965,78.8807413613037,79.0400975682017,79.1985317304247,79.3560656721775,79.5127182969606,79.668506168279
"8",7,72.4778316190755,73.0671189608619,73.4758423107694,73.8020571797777,74.0803193655393,74.3279460625019,74.5549207598954,74.7674411835173,74.9695341042776,75.1638994600464,75.3523915739141,75.5363095500427,75.7165794901136,75.8938721034063,76.0686802892522,76.2413712465977,76.4122220363235,76.5814442118195,76.7492011200604,76.9156202203453,77.0808019708146,77.2448263192683,77.4077574998154,77.5696476159498,77.730539343388,77.8904679867824,78.0494630568372,78.2075494877581,78.3647485824746,78.5210787501181,78.6765560838272
"9",8,71.5059656870605,72.092435364836,72.4993399685593,72.824179540564,73.1013203310624,73.347987989292,73.5741149654252,73.7858681605371,73.9872547287016,74.1809616301204,74.3688343248373,74.5521656903565,74.7318773361057,74.9086366458986,75.0829339943467,75.255134615469,75.4255140034939,75.5942824333468,75.7616021855115,75.9275998112241,76.0923749808396,76.2560069471106,76.4185593217118,76.5800836434394,76.7406220699342,76.9002094260103,77.0588747743838,77.2166426282142,77.3735338925223,77.529566598692,77.6847564799265
"10",9,70.5320731740188,71.1161452730658,71.5214897783889,71.8451425380323,72.1213107851256,72.3671430594261,72.5925286726278,72.8036084042491,73.0043727560274,73.1974976633816,73.3848210591105,73.5676305397571,73.7468439143165,73.9231257635251,74.0969643439466,74.2687232505626,74.4386766792259,74.6070338527057,74.773956180082,74.9395694758926,75.1039727756655,75.267244775482,75.4294485911638,75.5906353136579,75.7508466911913,75.9101171703866,76.068475461507,76.2259457467944,76.382548618639,76.5383018115533,76.6932207756439
"11",10,69.5569130067517,70.1388152957492,70.5427417881028,70.8653123393161,71.1405913825239,71.3856580612083,71.6103627910918,71.82082276518,72.0210134345189,72.2136007657015,72.4004158859879,72.5827416206473,72.7614923495978,72.9373301293824,73.1107413142095,73.2820880316243,73.4516433193163,73.6196154653189,73.7861651078513,73.9514174125523,74.11547085811,74.2784036542172,74.440278484958,74.601146052513,74.7610477505924,74.9200176989799,75.078084303784,75.2352714619525,75.3915994964925,75.5470858861512,75.7017458370965
"12",11,68.5813475719681,69.1609868929876,69.5634419681467,69.8848937865738,70.1592564945219,70.4035363865003,70.627543136256,70.8373692724204,71.036974525201,71.2290144538843,71.4153130799299,71.5971482427217,71.7754307332864,71.9508199602333,72.1238002760767,72.2947322585404,72.4638877168613,72.631473942917,72.7976507493292,72.9625426032784,73.1262473811763,73.288842764261,73.4503909656401,73.6109422619138,73.7705376575875,73.9292109128152,74.0869900984801,74.2438987967439,74.399957033203,74.5551820041839,74.7095886465494
"13",12,67.6057973416114,68.1832082146993,68.5842122526983,68.9045596614242,69.1780169675568,69.421518858487,69.6448349360029,69.8540334585806,70.0530586820465,70.244555920096,70.4303421990935,70.611690451379,70.789507937398,70.9644514625438,71.1370034131219,71.3075228460908,71.4762803667045,71.643482291799,71.8092876269965,71.9738201576835,72.1371771731335,72.2994358400366,72.4606579134106,72.6208932563003,72.7801824952859,72.9385590415166,73.0960506406885,73.2526805696845,73.4084685657099,73.563431551238,73.7175842019727
"14",13,66.6310463410116,67.206201870355,67.605734768212,67.9249609949428,68.1974981458204,68.4402086008668,68.6628214672992,68.8713804631401,69.0698141914112,69.2607576002314,69.4460206392848,69.6268712780675,69.804213208237,69.9787006059174,70.1508138736337,70.3209105359779,70.4892599868507,70.6560675636873,70.8214914628995,70.9856547873966,71.1486542397126,71.3105664731415,71.471452786275,71.6313626305998,71.7903362569692,71.9484067298255,72.1056014720025,72.2619434574001,72.4174521370591,72.5721441617261,72.7260339479524
"15",14,65.6578070306695,66.2306387600607,66.6286522157816,66.9467183718286,67.2183020331885,67.4601913092591,67.6820736698653,67.8899675797206,68.0877855256924,68.2781517807955,68.4628690071196,68.6432000653738,68.8200449761814,68.9940552140335,69.1657091460405,69.3353627273539,69.5032841137863,69.6696776440515,69.8347006913866,69.9984756661532,70.1610986769148,70.3226458584113,70.4831780491604,70.6427442865339,70.8013844438805,70.9591312377041,71.1160117671139,71.2720487024005,71.42726120795,71.5816656623534,71.7352762225851
"16",15,64.6869151313763,65.2573292586072,65.6537561664632,65.9706077226295,66.2411908203453,66.4822166676016,66.7033295533841,66.910521720692,67.1076889082899,67.2974442910447,67.4815829551307,67.6613624533453,67.8376789963818,68.0111812595227,68.1823455056208,68.3515260717603,68.5189898414106,68.6849401306136,68.8495334729218,69.0128915750371,69.1751099443636,69.3362641927463,69.4964146963437,69.6556100775959,69.8138898325579,69.9712863307038,70.127826348775,70.2835322550699,70.4384229290552,70.5925144789138,70.7458208037233
"17",16,63.720360087931,64.2883223591986,64.6831250994467,64.9987245461291,65.2682701831449,65.5083961960364,65.7287034451194,65.9351577152919,66.1316378083368,66.32074566291,66.5042686952608,66.683459091463,66.8592092204619,67.03216494673,67.2028004321653,67.3714684099408,67.5384345131432,67.7039010626285,67.8680237835724,68.0309237128703,68.1926957922074,68.3534151468355,68.5131417271688,68.6719237772248,68.8298004518514,68.986803808915,69.1429603373657,69.2982921371054,69.4528178351981,69.6065533007864,69.7595122052233
"18",17,62.7567001681149,63.3220958566061,63.7151940279576,64.0294768466519,64.2979298174124,64.5371067823045,64.7565632476702,64.9622373418952,65.1579901511818,65.346411857331,65.5292818510432,65.7078467046485,65.8829947713607,66.0553689808506,66.2254413048156,66.3935628077526,66.5599978250658,66.7249476477235,66.8885671670003,67.0509767312027,67.2122707024981,67.37252370945,67.5317952693896,67.6901332426265,67.8475764390403,68.0041566022534,68.1598999316084,68.3148282573827,68.4689599534199,68.6223106492781,68.7748937882114
"19",18,61.7958125924321,62.3585165248011,62.7498238713805,63.0627216369383,63.3300239136728,63.5682004828156,63.7867593607751,63.9916096987607,64.1865940132035,64.3742901591565,64.5564691125008,64.7343715607533,64.908881649453,65.0806392354955,65.2501139998188,65.4176552640059,65.5835260103077,65.7479264578808,65.9110106320631,66.0728981678257,66.2336828284922,66.3934387306696,66.5522249463947,66.7100889423682,66.8670691753527,67.0231970679062,67.1784985239509,67.3329950990886,67.4867049094637,67.6396433409991,67.7918236051146
"20",19,60.8374802472392,61.3973662015188,61.7867965794248,62.0982414160545,62.3643357446032,62.601461483397,62.8190769848607,63.0230610838031,63.2172368628902,63.4041692747621,63.5856204872963,63.7628250290409,63.9366626431769,64.1077699732318,64.2766143062326,64.4435431440098,64.6088180575754,64.7726381497287,64.9351565452174,65.0964921383295,65.2567380716442,65.4159679320081,65.5742403314611,65.7316023307576,65.8880920230155,66.0437405005935,66.1985733639332,66.3526118867308,66.5058739208461,66.6583746024812,66.8101269055243
"21",20,59.8813946124465,60.4383438863981,60.8258167859939,61.1357455383439,61.4005788359954,61.6366071265212,61.8532370416423,62.0563158358126,62.2496463438323,62.4357800739899,62.6164700160421,62.7929442812963,62.9660780268475,63.1365045497971,63.304688645237,63.4709759218258,63.6356264834473,63.7988382733104,63.9607634815917,64.1215202347547,64.2812010326014,64.4398789140353,64.5976120158444,64.754446979821,64.9104215241492,65.0655664010373,65.2199068985376,65.3734640003493,65.5262552865989,65.6782956368285,65.8295977808614
"22",21,58.9270436848236,59.4809051353622,59.8663213104282,60.1746579765933,60.4381676247243,60.6730444272246,60.8886405966208,61.090770168143,61.2832146819917,61.4685115086038,61.6484039863621,61.8241134779084,61.9965103165015,62.1662242782619,62.3337175352337,62.4993337021728,62.6633313366952,62.8259071588633,62.9872123721363,63.1473642914792,63.306454736618,63.4645561660746,63.6217262126969,63.7780110735598,63.9334480684794,64.0880675879403,64.2418945875436,64.394949742175,64.5472503424513,64.6988109943586,64.8496441675167
"23",22,57.9744018483253,58.5251083156913,58.9084209477555,59.2151280820742,59.4772821166783,59.7109789893107,59.9255153606138,60.1266713429364,60.3182067252243,60.5026444347856,60.6817179499934,60.8566417396925,61.0282812108337,61.1972625452657,61.3640452389717,61.528970874082,61.6922964334257,61.8542173927687,62.0148839530836,62.1744126060314,62.3328944823989,62.49040145366,62.6469906437043,62.8027078011085,62.9575898444703,63.1116668003968,63.2649632904039,63.4174996793129,63.5692929672586,63.7203574858973,63.8707054440082
"24",23,57.0230912916385,57.5706040913564,57.9517852653682,58.2568400164575,58.5176185792896,58.7501175894534,58.9635775264654,59.1637441830596,59.3543553368148,59.5379192970244,59.7161595623922,59.8902836250489,60.061151907653,60.2293869569921,60.3954455642229,60.5596672585974,60.7223074340005,60.8835603121519,61.043575085001,61.2024674167273,61.3603277467405,61.5172273583128,61.6732228661705,61.8283595708831,61.9826739908262,62.1361957900873,62.2889492577056,62.4409544502125,62.5922280791361,62.7427842037293,62.8926347738688
"25",24,56.0727556482252,56.6170618492496,56.996100797961,57.2994935828588,57.5588878420437,57.7901806448856,58.0025561146089,58.201725604718,58.3914047989046,58.574087331427,58.7514866820927,58.9248033396186,59.0948927245534,59.262373737139,59.427700456762,59.5912103561268,59.7531572388725,59.9137340730914,60.0730890433775,60.2313369890004,60.3885676612143,60.5448517587715,60.7002453912322,60.854793415364,61.0085319536502,61.1614903120489,61.3136924515239,61.4651581246912,61.6159037587905,61.7659431449112,61.9152879781716
"26",25,55.1230482598306,55.6641569873474,56.0410577500499,56.342790512336,56.6008012630747,56.8308879216624,57.0421784658048,57.2403499264072,57.4290959624739,57.6108955770256,57.7874522605582,57.9599595197291,58.1292677894193,58.2959923367493,58.4605845408502,58.623379828142,58.7846304214336,58.9445280440019,59.10321988145,59.2608199561523,59.4174173389326,59.5730821515,59.7278700055012,59.8818253209466,60.0349838312738,60.1873744909665,60.3390209393814,60.4899426315018,60.6401557163801,60.7896737228618,60.9385080970477
"27",26,54.1738358642039,54.711857340942,55.0866880358255,55.3868104199358,55.6434767908992,55.8723896974255,56.0826230442653,56.2798207734555,56.4676552955164,56.6485914917959,56.8243232103498,56.9960372199069,57.1645791471143,57.3305607590732,57.4944308376598,57.6565228451614,57.8170874909885,57.9763153104484,58.134352539243,58.2913124261528,58.4472834004737,58.6023350423637,58.7565224983558,58.9098897823328,59.0624722675323,59.2142985843129,59.3653920764925,59.5157719263745,59.665454028785,59.8144516733936,59.9627760795334
"28",27,53.2250990483548,53.7600740325489,54.1328592662907,54.4313888356833,54.68672439438,54.9144745557214,55.1236599322948,55.3198918387508,55.5068217258371,55.6869005420635,55.8618126214099,56.0327380851332,56.2005178176601,56.3657601359362,56.5289112635392,56.690302730059,56.8501837576512,57.0087437160002,57.1661279104743,57.322448833753,57.4777942895152,57.6322333310487,57.7858206534745,57.9385998774532,58.0906060282663,58.2418674238286,58.3924071236122,58.5422440480009,58.6913938479658,58.8398695840146,58.9876822583963
"29",28,52.2763930157004,52.8083256513473,53.1790679304214,53.4760064780952,53.7300126131073,53.9566011590342,54.1647395155535,54.3600064168128,54.5460323831511,54.7252544494697,54.8993474487635,55.0694848640565,55.2365028443071,55.4010062614135,55.5634387846502,55.724130014137,55.8833276874601,56.041220010977,56.1979513617319,56.3536334780991,56.508353539772,56.6621800746715,56.8151673279075,56.967358528236,57.1187883542298,57.2694848125476,57.4194706794514,57.5687646144954,57.7173820258435,57.8653357458509,58.0126365606569
"30",29,51.32733675107,51.8561939732792,52.2248731549537,52.5202061899326,52.7728716226874,52.9982893342568,53.2053728823889,53.3996680480021,53.5847841874163,53.7631442689869,53.9364135207711,54.1057587143959,54.2720112100889,54.43577239461,54.5974833517518,54.7574717271349,54.9159837530773,55.0732064550156,55.2292832663471,55.3843251575094,55.5384186718649,55.6916318006184,55.8440183283075,55.9956210818593,56.1464743837396,56.2966059203958,56.4460381763067,56.5947895419587,56.7428751747704,56.8903076712796,57.0370975941017
"31",30,50.3776077859492,50.9033253385296,51.2699025099061,51.5636021778124,51.8149053298563,52.0391346496115,52.2451486249935,52.4384593572675,52.6226545839172,52.8001429091129,52.9725797535934,53.1411250349853,53.3066052207615,53.4696181340337,53.6306022118463,53.7898830959563,53.9477054724256,54.1042551507976,54.2596745902542,54.414073966017,54.5675391603443,54.7201376049021,54.8719226023838,55.0229365578751,55.1732134187684,55.3227805332216,55.4716600766212,55.6198701537571,55.7674256552854,55.9143389264683,56.0606202914563
"32",31,49.4267152594716,49.9492310088743,50.3136701980111,50.605711797936,50.8556343158488,51.0786609508271,51.2835938933134,51.4759108475481,51.6591774871751,51.8357877625115,52.0073870901404,52.1751283943462,52.3398331471801,52.5020955294409,52.6623512688516,52.8209239517663,52.9780566741941,53.1339339915441,53.2886973546227,53.4424561123464,53.5952954571486,53.7472822343104,53.8984692393558,54.0488984314726,54.1986033600057,54.3476110127971,54.4959432349606,54.6436178251783,54.7906493876438,54.9370499973094,55.0828297214565
"33",32,48.4750041445943,48.9942813332905,49.3565618455903,49.646931549998,49.8954634544982,50.1172798832027,50.3211259887302,50.5124446486616,50.6947792076437,50.8705087900022,51.0412686911665,51.2082047589739,51.3721334084192,51.5336451303263,51.6931729047562,51.8510382306955,52.0074825866031,52.1626892494667,52.3167986397982,52.469919260083,52.6221355942011,52.7735138834383,52.9241063994621,53.0739546396558,53.22309174009,53.3715443136669,53.5193338611517,53.6664778615486,53.8129906194918,53.9588839269736,54.1041675821836
"34",33,47.5231990251109,48.0391761778318,48.3992599819541,48.6879300333114,48.9350494084556,49.1556374519307,49.3583811240486,49.5486877881049,49.7300780267762,49.9049158538747,50.0748262497788,50.2409478492506,50.4040919108116,50.5648451606544,50.7236377733581,50.8807891144019,51.0365390068178,51.1910694172534,51.3445197083845,51.4969975120014,51.6485865816679,51.7993525348576,51.9493471011088,52.098611298977,52.2471778352672,52.39507293282,52.542317733676,52.6889293834383,52.8349218740384,52.98030670189,53.1250933839511
"35",34,46.572006330022,47.0845986245153,47.4424311344493,47.7293603788848,47.9750337682705,48.1943648998788,48.3959810003467,48.5852529889834,48.7656780956248,48.9396048331795,49.1086476006684,49.2739376328628,49.4362808970422,49.5962602550202,49.7543030001348,49.9107263053338,50.0657682910761,50.2196095750944,50.3723884299389,50.5242115890971,50.6751620517489,50.825304790208,50.9746909726546,51.1233611212665,51.2713474973825,51.4186759186831,51.5653671543014,51.7114380030284,51.8569021313441,52.0017707279107,52.1460530167918
"36",35,45.6220915178868,46.1311932578712,46.4867049106403,46.7718399818414,47.016023348523,47.2340595113514,47.4345140802353,47.6227203859397,47.8021515739991,47.9751401716244,48.1432896656213,48.3077236591181,48.4692426620691,48.6284255500875,48.7856966438912,48.9413708538158,49.0956845428077,49.2488169356753,49.4009051788371,49.5520550774131,49.7023488506054,49.8518508033781,50.0006115229905,50.1486710177302,50.2960610875771,50.4428071304559,50.5889295290468,50.7344447226457,50.8793660403159,51.0237043516092,51.1674685768538
"37",36,44.6730774273117,45.1785707971981,45.5316857297359,45.8149694019422,46.0576162000594,46.2743176869558,46.47357571612,46.660684738886,46.8390929958907,47.0111164863765,47.1783474149681,47.3419014934557,47.5025735872196,47.6609384470906,47.8174173159277,47.9723227594829,48.1258893177379,48.2782947690482,48.4296750889182,48.5801351158361,48.7297562556912,48.8786021165512,49.0267226781619,49.1741574106672,49.3209376303167,49.4670882944454,49.6126293797233,49.7575769474712,49.901943971779,50.0457409863355,50.1889765916914
"38",37,43.7245546165544,44.2263677794268,44.5770399555509,44.8584376306245,45.0995198082627,45.3148627574203,45.5129032653009,45.698896114796,45.8762641406303,46.0473064831839,46.2136038391485,46.3762638704137,46.5360756833143,46.693609819016,46.8492843778961,47.0034095306311,47.1562179537789,47.3078859460255,47.4585482840627,47.6083088158126,47.7572481129243,47.9054290679552,48.052901036333,48.1997029346915,48.3458655813449,48.4914134797864,48.6363661882193,48.7807393782074,48.9245456576671,49.0677952137323,49.2104963169373
"39",38,42.7773761179102,43.2754437338704,43.6236283751053,43.9031046665285,44.1425923045931,44.3565503083016,44.5533492778298,44.738203636185,44.9145103656517,45.0845514501032,45.2498958750402,45.4116431108476,45.5705764044235,45.7272620149547,45.8821148474706,46.0354426383803,46.1874761713714,46.3383902430511,46.4883184140255,46.6373635281692,46.7856053122301,46.9331059347116,47.0799141197771,47.2260682248167,47.3715985653983,47.5165291870669,47.6608792259902,47.8046639608171,47.947895630445,48.0905840728456,48.2327372261079
"40",39,41.832359405287,42.3266231133643,42.6722772397627,42.9497965129366,43.1876583555824,43.4002029818576,43.595733876573,43.7794245122089,43.9546456291407,44.123661792188,44.2880300961093,44.4488416958493,44.6068738928838,44.7626886047156,44.91669749975,45.0692058519208,45.2204425331959,45.3705808260121,45.5197530677119,45.6680610945317,45.8155837873531,45.962382591576,46.108505602442,46.2539906214365,46.3988674654197,46.5431597265001,46.6868861236224,46.8300615475011,46.9726978730623,47.1148045941526,47.2563893213834
"41",40,40.8902683647959,41.3806840571782,41.7237715505447,41.999301954658,42.2355088318918,42.4466126511128,42.6408491691042,42.8233504943324,42.9974608421661,43.1654271636662,43.328794529199,43.4886456872828,43.6457519330551,43.8006708027603,43.9538107038529,44.1054744344169,44.2558889492334,44.4052260168263,44.5536167556812,44.7011620018011,44.8479397997561,44.9940108829164,45.1394227297191,45.2842125985463,45.4284098207619,45.5720375484487,45.7151140967772,45.8576539818897,45.9996687279219,46.141167497521,46.2821575864375
"42",41,39.9504956772204,40.4370707604958,40.7775898914449,41.0511262227366,41.28567112828,41.4953259931004,41.6882591397603,41.8695614527837,42.0425506941934,42.2094562419099,42.3718111686607,42.530689837473,42.6868575560042,42.8408674976978,42.9931248277886,43.143929887723,43.2935077347787,43.4420286436248,43.5896225341973,43.7363892626962,43.8824060578169,44.0277329612425,44.1724168547663,44.3164944735736,44.4599946831233,44.6029402146989,44.7453489985185,44.8872351945372,45.0286099940233,45.1694822458678,45.3098589479092
"43",42,39.0123101379752,39.4950556669229,39.8330092827274,40.1045511153528,40.3374318662995,40.5456344736639,40.7372601315829,40.9173586605562,41.0892214593184,41.2550603875636,41.4163965570663,41.5742959724064,41.7295179756348,41.882611396461,42.0339781754199,42.1839162139633,42.332648687982,42.4803443940606,42.6271320690929,42.7731106047551,42.9183564289254,43.0629289064271,43.2068743369927,43.3502289469326,43.493021149844,43.6352732699605,43.777002865988,43.9182237548149,44.0589468076319,44.1991805720263,44.3389317600344
"44",43,38.0768469650705,38.5557466776158,38.8911179246967,39.1606486947721,39.3918490677693,39.5985834178376,39.7888856722846,39.9677644672643,40.138484744274,40.3032407756984,40.4635416639452,40.62044502299,40.7747042095461,40.9268636992087,41.0773222044078,41.2263751883698,41.374243951193,41.5210958197866,41.6670583584706,41.8122295063547,41.9566849035153,42.100483251659,42.2436702826761,42.3862817284985,42.5283455654832,42.6698837254406,42.8109134101024,42.9514481076649,43.0914983833968,43.2310724974715,43.3701768897131
"45",44,37.1451830008418,37.6201970249812,37.9529521247131,38.2204414500405,38.4499332246873,38.6551724838851,38.8441253634673,39.0217589517625,39.1913114795445,39.3549594552435,39.5141998495342,39.670081802018,39.8233526278927,39.9745524122864,40.1240766174904,40.2722182568683,40.4191967506752,40.5651779576504,40.7102882751242,40.854624698217,40.9982620899654,41.141258501303,41.2836591097425,41.4254991670733,41.5668062271496,41.7076018443867,41.8479028786991,41.987722504749,42.1270709969416,42.2659563429195,42.4043847249413
"46",45,36.2183053809128,36.6893760387933,37.0194684491755,37.28487551755,37.5126214064362,37.7163305411903,37.9039004503918,38.0802561276209,38.2486087188841,38.4111167105358,38.569264762955,38.7240934182211,38.8763438658905,39.0265517442296,39.1751092288721,39.3223068611586,39.4683621697885,39.6134395412722,39.7576642075228,39.9011322253995,40.0439176896945,40.1860780116154,40.327657826984,40.4686919213045,40.6092074405975,40.7492255770869,40.8887628643909,41.0278321793075,41.1664435210654,41.3046046203764,41.4423214173662
"47",46,35.2945698830634,35.7617559436293,36.0892175039839,36.3525626329682,36.5785764767757,36.7807651581601,36.9669588151107,37.1420410446941,37.3091963341025,37.4705654210706,37.6276208397534,37.7813946645269,37.9326220552292,38.0818342774671,38.2294202801657,38.3756681830233,38.5207936669944,38.6649596855517,38.808290341056,38.9508807855112,39.0928043769997,39.2341179170727,39.3748655287432,39.5150815591217,39.6547927734305,39.7940200279772,39.9327795556658,40.0710839603671,40.2089429904581,40.3463641434574,40.4833531405264
"48",47,34.3732802862752,34.8366680810259,35.1615502694636,35.4228697170163,35.6471791185047,35.8478693780062,36.0327049139395,36.2065289098857,36.3724998060937,36.5327409897795,36.6887131381053,36.8414400465714,36.9916509825525,37.1398729423752,37.286491728903,37.4317931052794,37.5759909589464,37.7192468568574,37.8616838127562,38.0033961106098,38.1444564055166,38.2849209207248,38.4248332959368,38.5642274678805,38.7031298477738,38.841560981781,38.9795368269871,39.11706973846,39.2541692371578,39.3908426102065,39.5270953820156
"49",48,33.4563744639039,33.9159078071865,34.2381673858308,34.4974242220815,34.7199960312626,34.9191571252807,35.1026053569801,35.2751429443873,35.4399019093679,35.5989880342613,35.7538499632311,35.9055030904532,36.0546707055794,36.2018754765576,36.3475000197099,36.4918277145386,36.6350706376183,36.7773889591657,36.9189045993669,37.0597109731375,37.1998800345132,37.3394674325593,37.4785163294333,37.6170602584722,37.7551252847854,37.8927316529439,38.0298950532269,38.1666276012219,38.302938599983,38.438835135856,38.5743225461361
"50",49,32.545678183702,33.0011648658486,33.3206678613917,33.577754854475,33.7984974347899,33.9960477158059,34.1780337446202,34.3492147595909,34.512695055451,34.6705619331357,34.8242514032939,34.9747700397503,35.1228348574484,35.2689639825717,35.413536689716,35.556833860676,35.6990656765412,35.8403908475317,35.9809301526857,36.1207761018957,36.2599999208539,36.3986566637187,36.5367889993528,36.6744300457484,36.8116055128572,36.9483353368372,37.0846349360514,37.2205161828087,37.3559881594623,37.4910577495428,37.6257301017699
"51",50,31.6428535273306,32.0939786548297,32.4105090361694,32.6652552486519,32.8840238773561,33.0798354276949,33.2602427469189,33.4299587629951,33.5920578901388,33.7486075105028,33.9010300180379,34.0503224799509,34.197195148871,34.3421612571069,34.4855964794003,34.627779007901,34.7689169835574,34.9091675461572,35.0486502482241,35.1874566278306,35.3256571294227,35.4633061698345,35.6004458901927,35.7371089648093,35.8733207248436,36.0091007780417,36.1444642536742,36.2794227657929,36.4139851627873,36.5481581134524,36.6819465670626
"52",51,30.7467397869364,31.193273522513,31.5066722235981,31.7589509845794,31.9756378545409,32.1696149533019,32.348356025686,32.5165252706757,32.6771656539145,32.8323235901182,32.9834071385709,33.131403358768,33.2770153854428,33.4207513009356,33.5629829931905,33.7039858265596,33.8439657986014,33.9830784007167,34.1214418995088,34.2591468155718,34.3962627767359,34.5328435349042,34.668930681761,34.8045564307397,34.939745720472,35.0745178192229,35.2088875581599,35.3428662856581,35.476462609952,35.6096829798566,35.7425321406858
"53",52,29.8556557575519,30.2974743113676,30.6076536762074,30.8573940357867,31.0719379699171,31.2640256917583,31.4410497911279,31.6076244531711,31.7667603556278,31.9204823815926,32.070183868421,32.2168415976644,32.3611513950308,32.5036160561904,32.6446035836267,32.7843864421936,32.9231684337263,33.0611033629837,33.1983081827444,33.3348723759054,33.4708647392175,33.6063383495301,33.7413342422544,33.8758841656219,34.0100126633239,34.1437386631903,34.2770766984412,34.4100378527699,34.5426304958818,34.6748608587046,34.8067334850227
"54",53,28.9708494033968,29.4077477120319,29.7145654597395,29.961653903591,30.1739581455747,30.3640704687471,30.5392988349972,30.7042052609634,30.8617667383512,31.0139856830586,31.1622400697504,31.3074959548049,31.4504415376349,31.59157409889,31.731257589087,31.8697614507366,32.0072871983552,32.1439868811221,32.2799760856729,32.415343217213,32.550156210643,32.6844674439501,32.8183173777536,32.9517372806068,33.0847512898881,33.2173779840077,33.3496315910958,33.4815229244422,33.6130601105964,33.7442491588137,33.8750944082088
"55",54,28.0934681574818,28.5251657875025,28.8284289386397,29.07271242374,29.2826471593314,29.4706691570201,29.643996961711,29.8071374606289,29.9630320432602,30.1136593783856,30.2603812021851,30.4041522345565,30.5456526144484,30.6853737942438,30.8236754431857,30.9608238112912,31.0970179978902,31.2324081993317,31.3671085612983,31.5012063531211,31.634768602111,31.7678469510456,31.9004812565478,32.0327022837551,32.1645337441998,32.2959938505895,32.427096512199,32.5578522601064,32.6882689674191,32.8183524126202,32.9481067219773
"56",55,27.2250864136098,27.6512579831227,27.9507421908644,28.1920425411055,28.3994564570821,28.5852540291724,28.7565588395555,28.9178192144479,29.0719387188605,29.2208707893907,29.3659599072829,29.5081487464212,29.6481088814443,29.7863255731163,29.9231539436271,30.0588568535191,30.1936308391474,30.3276241318781,30.4609493504147,30.5936925615533,30.7259198328492,30.857682030648,30.989018374677,31.1199591001283,31.2505274710591,31.3807413166282,31.5106142123414,31.6401563944257,31.7693754716762,31.898276982307,32.0268648313106
"57",56,26.3619281533486,26.7822616263114,27.0777560484891,27.3159083179958,27.5206630803705,27.7041149701991,27.873287181613,28.0325661505873,28.1848154756324,28.3319619361947,28.4753317856575,28.6158549728535,28.7541940247572,28.8908276600591,29.0261061952805,29.1602889073464,29.2935696214206,29.4260944888301,29.5579745104899,29.6892944777869,29.8201194390554,29.9504994348626,30.0804730063983,30.2100698231782,30.3393126706213,30.4682189667284,30.5968019284078,30.7250714743988,30.8530349282829,30.9806975684905,31.108063060337
"58",57,25.5022263865272,25.9164720379715,26.2078089217074,26.4426824557135,26.6446688980907,26.8256797329525,26.9926334000649,27.1498517719904,27.3001567639206,27.4454473574657,27.5870307998182,27.7258237715203,27.8624793648893,27.9974694754955,28.131139406257,28.2637446938109,28.3954763319386,28.5264782980556,28.6568599006476,28.786704595272,28.9160763612502,29.0450243716034,29.1735864533288,29.301791679306,29.4296623289913,29.5572153847385,29.6844636825967,29.8114168033186,29.9380817661808,30.0644635718683,30.1905656289761
"59",58,24.6504284235083,25.0583600247411,25.3453811645413,25.5768490165145,25.7759584242636,25.9544311576752,26.1190771020311,26.2741512006471,26.4224321460842,26.5657900900789,26.7055125660185,26.842502492155,26.9774031759784,27.1106794384107,27.2426713859928,27.3736306809308,27.5037453863495,27.6331572318003,27.7619737779886,27.8902771031027,28.0181300862609,28.145581009567,28.2726669683986,28.3994164261164,28.5258511468172,28.6519876704908,28.777838447673,28.9034127180611,29.0287171947715,29.153756599816,29.2785340848406
"60",59,23.8107399253717,24.2121643670069,24.494728211506,24.7226730497519,24.9188023520567,25.0946429960044,25.2568932307877,25.4097391090209,25.5559148028923,25.6972607540875,25.835044174843,25.9701537967422,26.1032228432068,26.2347088482551,26.3649465711287,26.494183692501,26.6226052694335,26.7503507313947,26.877525856236,27.004211322496,27.1304688964335,27.2563459638603,27.3818788886963,27.5070955291629,27.6320171415891,27.7566598336326,27.8810356821888,28.0051535991456,28.1290200057141,28.2526393602065,28.3760145727862
"61",60,22.9870370192127,23.3818190303874,23.6598185638921,23.8841473344293,24.077211863091,24.2503410214738,24.4101194601171,24.5606630365482,24.7046605120798,24.8439220013282,24.9796939643122,25.1128506436902,25.2440149670318,25.373637033963,25.502046155129,25.6294859619061,25.7561384621224,25.8821407602077,26.0075968398148,26.1325859787405,26.2571688370614,26.3813919168917,26.5052908678013,26.6288929634218,26.7522189754775,26.8752846044251,26.9981015801119,27.12067851427,27.2430215646003,27.3651349545991,27.4870213821153
"62",61,22.1774065933224,22.5655202045012,22.8389239877929,23.0596037554434,23.2495699480181,23.4199535451823,23.5772254938296,23.7254313021846,23.8672141749389,24.004353779876,24.1380757334774,24.269239723723,24.398458337826,24.5261742135199,24.6527111987053,24.7783088717049,24.90314619542,25.0273579598062,25.1510463697469,25.2742893215152,25.3971463911766,25.5196632216173,25.6418747743093,25.7638077659156,25.8854825122164,26.0069143358983,26.1281146497421,26.249091795678,26.3698516984744,26.4903983774912,26.6107343489437
"63",62,21.3779538744543,21.7593654913114,22.0281415822152,22.2451417982773,22.4319800680125,22.5995890565456,22.7543256535672,22.9001647410466,23.039703757606,23.1746917693853,23.306333436991,23.4354738137164,23.5627150907587,23.6884924065589,23.8131241225663,23.9368457506448,24.0598332031502,24.1822189558671,24.304103439744,24.4255631778503,24.5466566732559,24.6674287227218,24.7879136143429,24.9081375237854,25.0281203278162,25.1478769890104,25.2674186212831,25.3867533153529,25.5058867819147,25.6248228552193,25.7435638889619
"64",63,20.5894010210684,20.9639559426825,21.2279915994957,21.4412191327965,21.6248478598929,21.789607940614,21.941739722375,22.0851458827757,22.2223770514144,22.3551509853873,22.4846509006904,22.6117068735383,22.7369104566573,22.8606891161368,22.9833556028183,23.1051412728835,23.2262189241954,23.3467186729291,23.466739144366,23.5863554668931,23.7056250568422,23.8245918569905,23.9432894786957,24.0617435567232,24.179973531583,24.2979940105439,24.4158158150355,24.5334467921512,24.6508924470142,24.7681564379545,24.8852409658425
"65",64,19.8124287551054,20.1798469355681,20.438945484802,20.6482420164631,20.8285252563945,20.9903147882517,21.1397297336263,21.2805976438022,21.4154204347242,21.5458832754578,21.673147059273,21.7980262715888,21.9211013912399,22.0427918989982,22.1634047075979,22.2831668505703,22.4022478877772,22.5207754838795,22.6388463898387,22.7565342879987,22.8738954695761,22.9909729948142,23.1077997772756,23.2244008955084,23.3407953428691,23.4569973638356,23.5730174825039,23.6888632995322,23.8045401132344,23.9200514059913,24.035399226743
"66",65,19.0474951800295,19.4073971497862,19.6612953361033,19.8664508305482,20.0432095373087,20.2018693158031,20.3484216346521,20.4866149310649,20.6188998192946,20.7469271480646,20.8718343010052,20.9944193438707,21.1152510931906,21.2347406205548,21.3531886911993,21.470817787455,21.5877940605211,21.7042425948752,21.8202581693175,21.9359129451861,22.0512620307649,22.1663475589046,22.2812017103798,22.3958489800849,22.5103078926025,22.6245923124912,22.7387124528647,22.852675656995,22.9664870075282,23.0801498036597,23.1936659364171
"67",66,18.288625106736,18.6405088896466,18.8888671207992,19.0896157226913,19.2626268331809,19.4179612751899,19.5614741466666,19.6968294198162,19.8264229646125,19.9518690201557,20.0742798985527,20.1944361570724,20.3128941761679,20.4300560584606,20.5462160097661,20.6615916530715,20.7763454966644,20.89059986391,21.0044474194694,21.1179586904713,21.2311875105373,21.344175009566,21.4569525722584,21.5695440559521,21.6819674697682,21.7942362572384,21.9063602837215,22.0183466017151,22.130200047462,22.2419237083241,22.3535192904197
"68",67,17.5342890452303,17.8777241129055,18.1202522952128,18.3163675788802,18.4854415867055,18.6372848968671,18.7776087311135,18.909987996974,19.0367608644087,19.1595029989087,19.2793003015787,19.3969148873033,19.5128900363386,19.6276184012617,19.7413872737636,19.8544091514138,19.9668426965838,20.0788073140125,20.1903934299297,20.3016698375042,20.412689014261,20.5234910195125,20.634106384735,20.7445582805814,20.8548641577654,20.9650370006385,21.0750862923878,21.185018763249,21.2948389738831,21.4045497724711,21.5141526543353
"69",68,16.790956423876,17.1256869239309,17.3622052885159,17.5535424570073,17.7185549505048,17.8667957357991,18.0038278825862,18.1331345650344,18.2569945126072,18.3769436476679,18.4940406567565,18.6090286502788,18.7224374091121,18.8346498485638,18.945946137168,19.056533493472,19.166566620164,19.276161918595,19.3854075131762,19.4943704156548,19.6031017119819,19.7116403645026,19.8200160320447,19.928251184506,20.0363627042627,20.144363109769,20.2522614978247,20.3600642741354,20.4677757230306,20.5753984539412,20.6829337527399
"70",69,16.0648691712327,16.3908046083008,16.6212381636297,16.8077301574989,16.9686188748706,17.113197812071,17.2468806595631,17.3730580141055,17.4939485733873,17.6110480987501,17.7253877656495,17.8376914695451,17.9484753430748,18.0581124599168,18.1668757935268,18.2749672353793,18.3825374981699,18.4896999628688,18.5965404451705,18.7031241762226,18.8095008571761,18.9157083648022,19.0217755002749,19.1277240505476,19.2335703496737,19.3393264719458,19.4450011508486,19.5506004916602,19.6561285272631,19.7615876538041,19.8669789735906
"71",70,15.3621932350025,15.6794415187095,15.903844176756,16.0855215968613,16.2423038647419,16.3832295469748,16.5135653056686,16.6366104764147,16.7545245040798,16.8687634717451,16.9803313563876,17.0899330503379,17.198071188662,17.3051091162445,17.4113127005157,17.5168785797866,17.6219535409367,17.7266480024437,17.8310455251043,17.9352096106645,18.0391886249998,18.1430194077794,18.2467299503478,18.3503414041496,18.4538696021212,18.5573262214637,18.6607196793281,18.7640558274759,18.86733849418,18.9705699090521,19.0737510374718
"72",71,14.6807788840703,14.9893060115531,15.2076400131445,15.3844643043781,15.5371012890942,15.6743345322688,15.8012834454794,15.9211558681894,16.0360517880705,16.1473874460574,16.2561394951683,16.3629937317464,16.4684392267891,16.572829550677,16.6764234353095,16.779412248919,16.881938845448,16.9841106814121,17.0860090692544,17.1876957926178,17.2892178971846,17.3906112036296,17.491902914003,17.593113566729,17.6942585176854,17.7953490722996,17.8963933577136,17.9973969992927,18.0983636484446,18.1992953964698,18.3001931004032
"73",72,14.0156105145565,14.315191912524,14.5272954184092,14.6991338437524,14.8475098228589,14.9809457173637,15.1044100357648,15.2210168133595,15.3328050601258,15.4411501450935,15.5470006857236,15.651022882826,15.753691888117,15.8553512422273,15.9562523565918,16.0565811945947,16.1564765787442,16.256042931661,16.3553592651884,16.4544856073722,16.5534676573708,16.6523401990569,16.751129633934,16.849855881226,16.9485338175179,17.0471743773089,17.1457854009843,17.2443722926524,17.3429385334683,17.4414860841854,17.5400157021522
"74",73,13.3684828728569,13.6590369541341,13.8648435222308,14.0316371899318,14.1756977824926,14.3052847053839,14.4252144278126,14.5385064078712,14.6471381393668,14.7524437394414,14.8553435197922,14.9564838927243,15.0563259526901,15.1552031121513,15.2533593924199,15.3509753035025,15.4481856036382,15.5450916605028,15.6417701732368,15.7382794090485,15.8346637206456,15.9309568593209,16.0271844335167,16.1233657533218,16.2195152281422,16.3156434352919,16.4117579434426,16.5078639515199,16.6039647873213,16.7000622985933,16.796157161044
"75",74,12.7412600344843,13.0228225525693,13.2223442854802,13.3840952598559,13.5238368314361,13.6495673305939,13.7659521093972,13.8759165328676,13.9813768451947,14.0836260646262,14.1835562890037,14.2817942005935,14.3787868766087,14.4748576312338,14.5702431200913,14.6651184214416,14.7596142496013,14.8538289372305,14.9478368907675,15.0416946369214,15.1354452027609,15.229121328338,15.3227478509074,15.4163434938112,15.5099222221409,15.6034942793214,15.6970669859861,15.7906453598843,15.884232599742,15.9778304648183,16.07143957389
"76",75,12.1359114819977,12.4086261453141,12.6019477722756,12.7587147052392,12.8941808938688,13.0160887936175,13.1289554459541,13.2356137601961,13.3379197371469,13.4371259394514,13.5340966763541,13.6294391900416,13.7235867443047,13.8168527028428,13.9094664662723,14.001597766818,14.0933733435486,14.1848885510272,14.2762155517205,14.3674091748254,14.4585111607105,14.5495532742663,14.6405596156195,14.7315483539989,14.8225330418152,14.9135236195377,15.0045271902114,15.0955486205249,15.1865910100202,15.2776560592008,15.3687443595361
"77",76,11.5524864353957,11.8161007365363,12.0030389475191,12.1546707287678,12.2857292689902,12.4036942620842,12.5129303645242,12.6161754455251,12.7152235546849,12.8112856395795,12.9051974181017,12.9975461280312,13.0887508180932,13.1791146127712,13.2688594485045,13.3581495591632,13.4471075974159,13.5358258587615,13.6243742031251,13.7128057204219,13.8011608352777,13.8894703181046,13.9777575200701,14.0660400502592,14.1543310468835,14.2426401494645,14.330974248225,14.4193380657204,14.5077346109279,14.5961655355362,14.6846314146747
"78",77,10.9901048112773,11.2440181241812,11.4241545078157,11.5703162732874,11.6966809676185,11.8104479911869,11.915819485741,12.015431983276,12.1110134887916,12.2037305913098,12.2943885357934,12.3835532407807,12.4716286062666,12.5589068450427,12.6456019388264,12.7318722612177,12.8178361087833,12.9035825152276,12.9891788844252,13.0746764500772,13.1601142315803,13.2455219361554,13.3309221131383,13.4163317707485,13.5017636016467,13.5872269203052,13.6727283856503,13.7582725620033,13.8438623570759,13.9294993656834,14.0151841406061
"79",78,10.4497637555454,10.6935646684992,10.8666096352815,11.0070677945439,11.1285376829417,11.2379265941011,11.339267290813,11.4350906788257,11.5270559179552,11.6162833543786,11.7035464635634,11.789388936304,11.8741988773452,11.9582571214151,12.0417693550313,12.1248878403417,12.2077263308521,12.2903704583078,12.3728850648856,12.4553194481715,12.5377111618343,12.6200888041592,12.702474088215,12.7848833956495,12.8673289546402,12.9498197409627,13.0323621727347,13.1149606497783,13.1976179748293,13.2803356841308,13.3631143080013
"80",79,9.93310766393805,10.166517042476,10.3322709891945,10.4668626386776,10.5832962077717,10.6881790727309,10.7853700377685,10.8772914974755,10.9655318692501,11.0511639720005,11.1349286231654,11.217346660354,11.2987899462774,11.3795276143298,11.4597568193143,11.5396235372504,11.6192368486016,11.6986788859081,11.7780118566799,11.8572830676353,11.9365285657817,12.015775810119,12.09504565528,12.1743538405424,12.2537121187995,12.3331291202703,12.4126110185319,12.4921620476666,12.5717849061878,12.6514810741214,12.7312510629692
"81",80,9.4424115535653,9.66533827047556,9.82372943839816,9.95239208473037,10.0637322628436,10.1640553131638,10.2570447500169,10.3450135682961,10.4294788303332,10.5114653966581,10.5916811188867,10.6706237591799,10.7486487762148,10.8260134830818,10.9029064150218,10.9794671968733,11.0558001879183,11.1319839860679,11.2080781384255,11.2841279425738,11.3601679264258,11.436224401876,11.5123173609844,11.5884618994943,11.6646692962714,11.7409478392225,11.8173034622735,11.8937402400286,11.9702607741921,12.0468664969594,12.1235579102305
"82",81,8.94663519093058,9.15971283672241,9.31117695177096,9.43425585258673,9.54079521105918,9.63681719484323,9.72584085371584,9.81007647042178,9.89097407503942,9.96951345251729,10.0463714570402,10.1220241454742,10.1968115421246,10.2709798361961,10.3447094502388,10.418134031307,10.4913534956007,10.5644431155872,10.637459936731,10.7104473689736,10.7834385148175,10.8564586118229,10.9295268464215,11.0026577157297,11.0758620603038,11.1491478544304,11.2225208156982,11.2959848784373,11.3695425636156,11.4431952692979,11.5169434996988
"83",82,8.46922833256045,8.67251904979249,8.81709240007668,8.93461232661763,9.03636895442175,9.12810354960666,9.21317191877912,9.29368234032759,9.37101824262573,9.44611460635933,9.51961746417201,9.59198128450826,9.66353073677156,9.73450094156574,9.80506424813781,9.87534835455496,9.94544875560439,10.0154374151505,10.0853688905821,10.1552847155451,10.2252165769946,10.2951886470497,10.3652193147981,10.4353224866601,10.5055085726412,10.5757852411202,10.6461580011053,10.7166306545148,10.7872056495894,10.8578843584475,10.9286672959947
"84",83,8.0100908297923,8.20368281626801,8.34142022282636,8.45342099909812,8.55042600236088,8.63789860374769,8.71903301773323,8.79583649565342,8.86962647107528,8.9412935104136,9.01145308215991,9.08053824006431,9.14885841825476,9.21663775266134,9.28404057919054,9.35118869056077,9.41817319252612,9.48506276488575,9.55190949598792,9.618753058342,9.68562373578154,9.7525446454918,9.81953338839066,9.88660328846525,9.95376433283169,10.0210238912452,10.0883872712054,10.1558581491989,10.2234389077156,10.2911308999634,10.3589346586793
"85",84,7.56907844888416,7.75308516040664,7.88405948836574,7.99059564115048,8.08289287413023,8.16614037769654,8.24337283979051,8.31649772262557,8.38676724272921,8.45502805741505,8.52186540762371,8.58769116146174,8.65279967652213,8.71740421590624,8.78166118220575,8.84568652090043,8.90956699152933,8.97336802185511,9.03713925553299,9.10091852277773,9.16473471918182,9.22860991902329,9.292560945026,9.35660054725761,9.42073829742857,9.48498127344599,9.5493345876068,9.61380179698037,9.67838522416204,9.74308620924585,9.80790530861257
"86",85,7.14600420504543,7.3205633328046,7.44486483912483,7.54600511356138,7.63365079224626,7.71272127298284,7.78609417860429,7.85557866957567,7.92236268703067,7.98724959501711,8.05079481975358,8.11338932606521,8.17531259148497,8.23676714508913,8.29790155556713,8.35882599326006,8.41962292440022,8.48035456397871,8.5410681404277,8.60179966404921,8.66257665941779,8.72342017136026,8.78434625511018,8.84536709551412,8.90649185612423,8.96772732920997,9.02907843734999,9.09054862318922,9.15214015410663,9.21385436158056,9.27569183005433
"87",86,6.74064005135864,6.90591229057606,7.02364781888836,7.11947456734145,7.20253677175909,7.2774890600439,7.34705482511473,7.4129466492093,7.47628929520478,7.53784355492695,7.59813552529528,7.65753560106337,7.71630861221872,7.77464651839466,7.83269017234827,7.89054405478377,7.94828640120599,8.0059762600356,8.06365847885858,8.12136727383037,8.1791288179607,8.23696314142836,8.29488554334701,8.35290765217913,8.41103823029272,8.46928378993419,8.52764906859933,8.58613739845326,8.64475099513226,8.70349118466939,8.76235858256591
"88",87,6.35271889570124,6.50888652562297,6.62017856125969,6.71078701538441,6.78934508865106,6.86024825195644,6.92606885224127,6.98842483798937,7.04837903680282,7.10665048822371,7.1637365136646,7.21998731898983,7.27565335321236,7.33091619550091,7.38590911823655,7.44073101070543,7.49545594945125,7.55013986912028,7.60482527549708,7.65954461957539,7.71432274437099,7.76917868149109,7.8241269859198,7.87917873868397,7.93434230765454,7.98962393006895,8.04502816212717,8.10055822841477,8.15621629509899,8.21200368461477,8.26792104509574
"89",88,5.98193691368899,6.12920221198613,6.23418781258619,6.31968525043787,6.39382910432154,6.46076184267033,6.52290827154043,6.58179385424103,6.63842086117284,6.69346749135816,6.74740290811588,6.80055755433408,6.85316779643735,6.90540504494089,6.95739514389534,7.00923150133239,7.06098411524591,7.11270586552079,7.16443695959313,7.21620811532508,7.26804286931596,7.3199592718855,7.37197114646657,7.42408903570202,7.47632091937467,7.52867276414704,7.58114894789065,7.63375258950062,7.68648580678485,7.7393499191406,7.79234560752332
"90",89,5.62795612134979,5.76653963838411,5.86536925734969,5.94587407904188,6.01570341732013,6.07875338232227,6.13730503576535,6.19279369023976,6.2461625604255,6.29805000070284,6.34889769213426,6.39901678171758,6.44862988102653,6.49789846484553,6.54694111622158,6.59584588319216,6.64467877366417,6.69348967758099,6.74231655161411,6.79118841538863,6.84012752456211,6.88915096660152,6.93827184653609,6.98750017778908,7.03684355821607,7.08630768780363,7.13589676829722,7.18561381384129,7.23546089389564,7.28543932416138,7.33554981728839
"91",90,5.29040716780046,5.42054588798529,5.51338210953782,5.58902283626935,5.65464630839008,5.71390935686368,5.76895335570297,5.82112596778502,5.87131296452107,5.92011392740659,5.96794378394382,6.01509488968075,6.06177645577889,6.10814027347312,6.15429784611373,6.20033199318754,6.2463048283923,6.29226332191873,6.33824323109551,6.3842719148833,6.4303703752617,6.47655475638065,6.52283745857603,6.56922797535452,6.61573352860659,6.66235955507314,6.7091100818901,6.75598801852893,6.80299538510737,6.85013349184934,6.89740308075284
"92",91,4.96889230571093,5.09083772431162,5.17785392990807,5.24876814213547,5.31030244060877,5.36588183469084,5.41751229487249,5.46645648174251,5.51354443387061,5.5593380988728,5.60422642639735,5.6484835183147,5.69230556371738,5.7358349397718,5.77917626404222,5.82240726812593,5.86558627413141,5.90875740759399,5.95195428145335,5.99520263406457,6.03852224267525,6.08192832871119,6.12543260209177,6.16904404588768,6.21276951185328,6.2566141765308,6.30058189337683,6.3446754665156,6.38889686484055,6.43324739031669,6.47772781084944
"93",92,4.66298849583887,4.7770046400042,4.85838362641586,4.92471685752171,4.98228577306474,5.0342913393279,5.08260860176511,5.12841799188625,5.1724956104578,5.21536696856932,5.25739585468535,5.29883868393547,5.33987902268787,5.38065011878497,5.42124990908667,5.46175118617313,5.50220858922495,5.54266347864847,5.5831473811635,5.623684456868,5.66429328879892,5.70498819726839,5.74578021663387,5.78667782923783,5.82768752247299,5.86881421544681,5.91006158839696,5.95143233880266,5.99292838169978,6.03455100715499,6.076301004593
"94",93,4.37225060141024,4.47861202401836,4.55454459344414,4.61644919544274,4.67018264416081,4.71872990456396,4.76383973637995,4.80661322018601,4.84777438505379,4.88781355220491,4.92707020039695,4.96578364986632,5.00412526163399,5.04221945213968,5.08015769232099,5.11800799179053,5.1558214207831,5.1936366580386,5.23148320511586,5.26938368829283,5.30735552838456,5.34541216718023,5.38356397892348,5.42181895522012,5.46018322490861,5.49866145225356,5.53725714439338,5.57597289038331,5.61481054816963,5.65377139158306,5.69285622639675
"95",94,4.09621462857985,4.19520440265451,4.26588794485795,4.32352194249523,4.37355497931561,4.41876426683068,4.46077704591846,4.50061800853064,4.5389610356898,4.57626254565364,4.61283858757205,4.64891199926549,4.68464236882214,4.7201455902679,4.75550689161101,4.79078966167358,4.82604152031421,4.86129855150273,4.89658829525345,4.93193189034463,4.96734562871565,5.00284209716591,5.03843102588457,5.07411992607588,5.10991457395671,5.14581938148622,5.18183768261896,5.21797195587736,5.2542239984498,5.2905950630662,5.32708596607138
"96",95,3.83440097057624,3.92630871063486,3.99194579628825,4.04547174535566,4.09194357755205,4.13393914903726,4.17296904366192,4.20998459078291,4.24561149120832,4.28027357842198,4.31426437455796,4.34779086387353,4.38100130599343,4.41400339048076,4.44687633212765,4.47967906621701,4.51245588465073,4.54524036645138,4.57805815592589,4.61092895234685,4.64386795336837,4.67688691523573,4.70999494077014,4.74319907151245,4.77650473720897,4.80991610011524,4.84343632085253,4.87706776512696,4.91081216543166,4.94467074818023,4.97864433409047
"97",96,3.58631761533177,3.67143755013622,3.73223455337293,3.7818184181971,3.82487143217714,3.86378059053023,3.89994474525593,3.934244933019,3.9672606734351,3.99938455594203,4.03088849474215,4.0619642615842,4.09274924122009,4.12334324358704,4.15381970522038,4.18423327914454,4.21462505483892,4.24502619862039,4.27546052680675,4.30594634861931,4.33649780314375,4.36712584136472,4.39783895606106,4.4286437303069,4.45954525383685,4.49054744198562,4.52165328196419,4.55286502435793,4.58418433292528,4.61561240237442,4.64715005136038
"98",97,3.35146327931913,3.43009239819509,3.48625816486533,3.53206822879888,3.57184704240902,3.60779927926074,3.64121701781487,3.67291409677492,3.7034258722674,3.73311504451284,3.76223284955739,3.79095649585238,3.81941295313795,3.84769448142464,3.87586897775501,3.90398698717898,3.9320865246778,3.96019643801857,3.98833878478929,4.01653053485811,4.04478480546264,4.07311176842729,4.10151932445784,4.13001360986517,4.15859938122138,4.18728031001322,4.21605921016763,4.24493821497166,4.27391891546872,4.3030024692711,4.33218968647929
"99",98,3.12933043383415,3.20176672609712,3.25351130245646,3.29571712382845,3.33236767530046,3.36549384453418,3.39628589935703,3.42549358202866,3.45361010969021,3.48096965423856,3.50780370849083,3.53427557109508,3.56050226017364,3.58656881842259,3.61253784456649,3.63845595197178,3.66435821072758,3.69027124562545,3.71621542598566,3.74220643404556,3.76825640278989,3.79437475173133,3.8205688081113,3.84684427372576,3.87320557929564,3.89965615592141,3.92619864469542,3.95283505969294,3.97956691547238,4.0063953273208,4.03332109040795
"100",99,2.91940819394981,2.98594899812049,3.03348243272004,3.07225385716119,3.10592254052739,3.13635407177527,3.16464184898084,3.19147460938906,3.21730545131592,3.24244137773491,3.26709507308843,3.29141658033503,3.31551343030888,3.33946378206082,3.36332517825052,3.3871404779013,3.41094193681292,3.43475405330968,3.4585955797744,3.48248096333917,3.50642139107138,3.53042555770097,3.55450023623765,3.57865070678159,3.60288108203449,3.62719455664577,3.65159359975169,3.67608010468935,3.70065550610961,3.72532087205448,3.75007697666042
"101",100,2.72118504467488,2.78212552117917,2.82565675064134,2.86116298903353,2.8919958444216,2.91986400443332,2.94576889176467,2.97034130441268,2.99399622736925,3.01701484557483,3.03959196501436,3.06186502426895,3.0839325297165,3.10586608974295,3.12771843301505,3.14952884169259,3.17132688822947,3.19313504145658,3.21497050868988,3.23684655506316,3.2587734606621,3.28075922356641,3.30281008238332,3.32493090891886,3.34712550625126,3.3693968370559,3.39174719990939,3.414178366377,3.43669168824622,3.45928818183482,3.4819685945576
"102",101,2.53415138333931,2.58978312136088,2.62951894857926,2.66192772814732,2.69006969387711,2.71550490232723,2.73914762646784,2.76157375098178,2.78316212896282,2.80416946327458,2.82477360195737,2.84510002457268,2.86523867212522,2.88525493300591,2.9051969626034,2.92510064297731,2.94499299389828,2.9648945516945,2.98482105070673,3.00478462753802,3.02479469468294,3.04485858222074,3.06498201474192,3.08516946973936,3.10542444965363,3.1257496902552,3.14614732154513,3.1666189928618,3.1871659707397,3.20778921584428,3.22848944371476
"103",102,2.35780186175148,2.40841162792038,2.44455579908072,2.47403259339613,2.49962682528608,2.52275803022105,2.54425806856058,2.56465088507881,2.58428114985802,2.60338239891269,2.62211642940362,2.64059739841248,2.6589071348521,2.67710513399121,2.69523521621414,2.71333003873318,2.73141419843479,2.74950639572636,2.7676209639782,2.7857689648727,2.80395898300975,2.82219770953998,2.84049037592691,2.85884107989198,2.87725303282278,2.89572874927717,2.91427019330196,2.93287889219691,2.95155602549752,2.97030249492836,2.98911897963111
"104",103,2.19163751607844,2.23750614980782,2.27025853453999,2.29696587648729,2.32015313827575,2.34110725503835,2.36058230572047,2.37905320488858,2.39683234848058,2.41413139502112,2.43109698080863,2.44783256560619,2.46441231186989,2.48089014347983,2.49730578066306,2.5136888287989,2.5300615902858,2.5464410253839,2.5628401381169,2.57926896878517,2.59573531394463,2.61224525520815,2.62880355224147,2.64541393806328,2.66207934318304,2.67880206727328,2.69558391171359,2.71242628263957,2.72933027154011,2.74629671861488,2.76332626279178
"105",104,2.03516767651378,2.0765691340885,2.10612501106585,2.13022189116468,2.15114001849106,2.1700414346255,2.18760694745383,2.20426527769018,2.22029840949417,2.23589738291868,2.25119454322205,2.26628326438254,2.28123047876028,2.29608485424807,2.31088224145384,2.3256493640421,2.34040635642358,2.35516853330589,2.36994764033088,2.38475274967682,2.39959090970791,2.41446762209952,2.42938719641275,2.44435301651127,2.45936774276578,2.47443346691834,2.48955183164229,2.50472412349053,2.519951345588,2.53523427477112,2.55057350669308
"106",105,1.88791165236687,1.9251121993578,1.9516616477739,1.97330299866519,1.99208643764903,2.00905658499453,2.02482535454996,2.03977802807084,2.05416798831855,2.06816688174626,2.0818936095085,2.09543205577114,2.1088423484752,2.12216820755541,2.13544183945377,2.14868725275726,2.16192253804916,2.1751614575612,2.18841456859918,2.20169002800128,2.21499417564189,2.22833196295382,2.24170727136554,2.25512315155136,2.26858200500556,2.28208572309697,2.29563579441566,2.30923338822003,2.32287941969343,2.33657460123441,2.35031948294108
"107",106,1.74940019075663,1.78265773993502,1.80638513547341,1.82572140183912,1.84250082191653,1.85765781581901,1.8717396369266,1.88509079484448,1.89793782482295,1.91043416729465,1.92268610111995,1.93476859944177,1.94673539958381,1.95862557329291,1.97046790254442,1.98228384349371,1.99408956432317,2.00589736604098,2.01771668650357,2.02955481932384,2.04141743528849,2.05330896525916,2.0652328846896,2.07719192737567,2.08918824766458,2.10122354466943,2.11329915815165,2.12541614304957,2.13757532775521,2.14977735991388,2.1620227425711
"108",107,1.61917670750637,1.64874029697704,1.66982390900924,1.68700070058452,1.70190267980829,1.71536102402327,1.7278624084095,1.73971314395572,1.75111461223154,1.76220319542477,1.7730733449812,1.78379168330942,1.79440595806477,1.80495088358042,1.81545203074724,1.82592846150699,1.83639453999115,1.84686119513952,1.85733681286746,1.86782787483235,1.87833942168963,1.88887539325766,1.8994388812597,1.91003231918658,1.92065762636593,1.93131631827561,1.94200959168722,1.95273839084068,1.96350345918286,1.97430538002441,1.98514460862383
"109",108,1.49679828412123,1.52290768735626,1.54151937176588,1.55667719509276,1.56982397428193,1.58169432843628,1.59271827978234,1.60316641710958,1.61321659940416,1.62298925667095,1.63256777950028,1.64201098032476,1.65136100445199,1.66064848998637,1.66989600333742,1.67912036565776,1.68833425200758,1.69754730607672,1.70676692777103,1.71599883705059,1.72524748280937,1.7345163430857,1.74380814809819,1.75312504777718,1.76246873887613,1.77184056229005,1.78124157816069,1.79067262424213,1.80013436152825,1.80962731010259,1.81915187742517
"110",109,1.3818364061039,1.40472186052592,1.42102683871023,1.43430089998939,1.44581019914226,1.4561992028466,1.46584504478604,1.47498496821759,1.48377487602935,1.49232030902089,1.50069433414756,1.50894847432413,1.51711964561052,1.52523468101367,1.53331334191533,1.54137035700889,1.54941682364332,1.55746118453029,1.56550991774151,1.57356803063084,1.58163941797686,1.58972712491469,1.59783354225626,1.60596055318778,1.61410964456088,1.62228199208866,1.6304785260868,1.63869998255524,1.64694694310574,1.65521986632848,1.66351911253768
"111",110,1.27387735759156,1.29375938738975,1.30791609372779,1.31943615812216,1.32942104223395,1.33843118411561,1.34679443018425,1.35471695340751,1.36233420120312,1.36973784411616,1.3769913326248,1.38413939971884,1.39121409064116,1.39823869401573,1.40523035820102,1.41220186241464,1.419162833819,1.42612059568488,1.43308076650261,1.44004768879432,1.44702474001003,1.45401456074739,1.46101922426635,1.46804036378929,1.47507926906422,1.4821369602759,1.48921424507063,1.49631176285844,1.50343001943576,1.51056941418,1.51773026150003
"112",111,1.17252199079453,1.18961127122709,1.2017712301762,1.21166150519016,1.22023027086316,1.22795977626842,1.23513201707855,1.24192426854157,1.24845295640387,1.25479685511976,1.26101047518379,1.26713223790584,1.27318966107943,1.27920273891676,1.28518619103215,1.29115098456635,1.29710537997579,1.30305565970689,1.30900664283043,1.31496205334054,1.32092478714328,1.32689710802015,1.3328807931646,1.33887724246034,1.34488756136192,1.35091262432308,1.35695312372564,1.36300960788528,1.36908251074805,1.3751721752112,1.38127887151435
"113",112,1.07738390509634,1.09188103370666,1.10218866760324,1.11056762817686,1.11782363831333,1.12436630903049,1.13043505394033,1.13618031827151,1.14170087145988,1.14706352004173,1.15231447944039,1.15748631547179,1.16260234622254,1.16767951026719,1.17273027465598,1.17776392595309,1.18278745707607,1.18780618510763,1.19282418756109,1.19784461454732,1.20286991503908,1.20790200291973,1.21294238028468,1.21799223000959,1.22305248594592,1.22812388663186,1.23320701671739,1.23830233913504,1.24341022023184,1.24853094950116,1.25366475514018
"114",113,0.988082466520209,1.00017725170217,1.00876933516262,1.01574925531929,1.02179051527956,1.02723533266879,1.03228362908137,1.03706097543213,1.0416497768773,1.04610575076558,1.05046742829172,1.05476195207517,1.05900875124269,1.0632219352631,1.06741188589147,1.07158633407411,1.07575109952516,1.07991060584304,1.08406824419075,1.08822663348025,1.09238780892769,1.09655336040587,1.10072453516193,1.10490231491891,1.10908747433158,1.11328062570564,1.11748225348046,1.1216927410023,1.12591239143469,1.13014144417173,1.13438008777564
"115",114,0.904216025242516,0.914085046225292,0.921088908015006,0.926774360539596,0.931692190965881,0.936122097089907,0.940227381129598,0.944110558533211,0.94783887225005,0.951457768290198,0.95499866235282,0.958483676516881,0.961928640517989,0.965345045921603,0.968741345234355,0.972123830448771,0.975497236232322,0.978865159950061,0.982230358143568,0.985594958595787,0.988960613984653,0.992328614604883,0.995699972040232,0.999075481956222,1.00245577169709,1.00584133668932,1.00923256850527,1.01262977664656,1.01603320555268,1.01944304794769,1.02285945535744
"116",115,0.825247002533559,0.833045100730049,0.838572477925173,0.843055281750156,0.846929903176165,0.850417788500781,0.853648137670791,0.856702005148987,0.859632525950521,0.862475592372495,0.865256003904974,0.867991215772969,0.87069371283998,0.873372554553134,0.876034401571379,0.878684209781791,0.881325706640117,0.883961722768054,0.886594425954557,0.889225488491004,0.891856208387073,0.894487598275085,0.89712045138696,0.899755391054794,0.902392908222276,0.905033390126268,0.907677142400735,0.910324406228618,0.912975371729447,0.915630188460935,0.918288973691118
"117",116,0.749925246651541,0.755754763995156,0.759879917883689,0.763221347789697,0.766106477396624,0.768701296338909,0.771102556279149,0.773370901946893,0.77554605772519,0.777654838310082,0.779715759275714,0.781741845166187,0.783742406549658,0.785724195786352,0.787692174607237,0.789650032748379,0.79160054376005,0.79354581260048,0.795487450295377,0.797426698796144,0.799364521396957,0.801301669028942,0.803238729441687,0.805176164089957,0.807114336076052,0.809053531506402,0.810993975943452,0.812935847166037,0.814879285124604,0.81682439974647,0.818771277080898
"118",117,0.672755748451964,0.676553097195438,0.679233359599552,0.68140029011292,0.683268371756298,0.684946176220408,0.686496895406202,0.687960086467407,0.689361630696817,0.690718980682819,0.692044176639273,0.693345681334455,0.694629540019251,0.695900134081356,0.697160681131117,0.698413572637459,0.699660605405878,0.700903142557658,0.70214222702679,0.703378662653544,0.704613072879989,0.705845943764507,0.707077655876647,0.708308508205843,0.709538736262414,0.710768525903918,0.711998023979279,0.71322734657892,0.714456585466569,0.715685813118234,0.716915086686268
"119",118,0.555832018762289,0.557037629422686,0.557887432701415,0.558573792438067,0.55916500498005,0.559695615028536,0.560185713321756,0.560647867771035,0.561090296357096,0.561518537866797,0.561936411698952,0.562346601379517,0.56275102321065,0.563151065673212,0.563547748208846,0.563941828379237,0.564333875306606,0.564724320730939,0.565113494996992,0.565501652760044,0.565888991586842,0.566275665583577,0.566661795498172,0.567047476290913,0.567432782864359,0.567817774438696,0.568202497918927,0.568586990503784,0.568971281718876,0.56935539500891,0.56973934898974
"120",119,0,0,0,0,0,0,0,0,0,0,0,0,0,0,0,0,0,0,0,0,0,0,0,0,0,0,0,0,0,0,0
