"","V1","V2","V3","V4","V5","V6","V7","V8","V9","V10","V11","V12","V13","V14","V15","V16","V17","V18","V19","V20","V21","V22","V23","V24","V25","V26","V27","V28","V29","V30"
"1",0.0355941832803838,0.0350925751829093,0.034558827469237,0.0340236846883556,0.0334945197945831,0.0329730245558477,0.0324595127669622,0.03195396524301,0.0314562834634787,0.0309663511138898,0.030484049000101,0.0300092586457923,0.0295418631435569,0.0290817473397495,0.0286287978579678,0.0281829030837004,0.0277439531398775,0.027311839860537,0.0268864567643497,0.0264676990284241,0.0260554634624863,0.0256496484834548,0.0252501540904087,0.024856881839946,0.0244697348219246,0.0240886176355823,0.023713436366028,0.0233440985610989,0.0229805132085788,0.0226225907137708
"2",0.00182750457661366,0.00178543799131707,0.00174109733878741,0.00169707920706399,0.00165398686008627,0.00161194376743531,0.00157095857782876,0.00153101288011721,0.00149208228183039,0.00145414146103143,0.00141716536729937,0.00138112949772336,0.0013460099509564,0.00131178342825222,0.00127842722206691,0.00124591920196878,0.00121423780019011,0.00118336199737403,0.00115327130864261,0.00112394577000915,0.00109536592513368,0.00106751281241459,0.00104036795240844,0.00101391333556958,0.000988131410301491,0.000963005071312043,0.000938517648264775,0.000914652894718801,0.000891394977349923,0.00086872846544585
"3",0.00151747417624631,0.00148378262343845,0.00144823890225918,0.00141292159287921,0.00137831524112709,0.00134452034674478,0.00131154537529038,0.00127937703909741,0.00124799719435938,0.00121738689596695,0.00118752736373893,0.00115840020603492,0.00112998746497831,0.0011022716189856,0.00107523557523223,0.00104886265989789,0.00102313660807253,0.000998041553770875,0.000973562020158344,0.000949682910008689,0.000926389496393733,0.000903667413601007,0.000881502648274043,0.000859881530769945,0.000838790726728933,0.000818217228850664,0.000798148348872259,0.000778571709743089,0.000759475237991494,0.000740847156278729
"4",0.00125649076173798,0.00122977067670475,0.00120155359800967,0.00117348699089022,0.00114595634482276,0.00111904278013421,0.0010927543643483,0.00106708184325668,0.00104201205514558,0.00101753115439279,0.000993625381557136,0.000970281242892936,0.000947485547815328,0.000925225412300859,0.000903488254218698,0.000882261786847976,0.000861534012084311,0.00084129321369443,0.000821527950702442,0.000802227050925001,0.000783379604656827,0.000764974958504181,0.000747002709363136,0.000729452698539302,0.000712315006005692,0.00069557994479549,0.000679238055526561,0.000663280101054597,0.000647697061251882,0.000632480127908726
"5",0.00104216058836805,0.00102112507333086,0.000998885531357562,0.000976737957522656,0.000954986868140885,0.000933697358494275,0.000912876960137258,0.000892519508482848,0.0008726157152624,0.000853155713218508,0.000834129665642036,0.000815527909510562,0.00079734098628346,0.000779559645698782,0.000762174843142968,0.000745177735550329,0.000728559677025421,0.00071231221447421,0.000696427083311246,0.00068089620325742,0.000665711674230165,0.000650865772325039,0.000636350945886828,0.000622159811668256,0.000608285151074358,0.000594719906490601,0.000581457177692888,0.000568490218337634,0.000555812432530101,0.000543417371469269
"6",0.000871297295773127,0.000854796554283645,0.000837328273880815,0.000819908116113717,0.000802775828522621,0.000785983531885784,0.000769538149231463,0.000753435809977319,0.00073767015389899,0.000722234333319723,0.00070712149405618,0.000692324889190037,0.000677837904254369,0.000663654061083743,0.000649767016560522,0.000636170560174818,0.000622858611342808,0.000609825216710491,0.00059706454749682,0.000584570896888307,0.000572338677487149,0.000560362418812523,0.000548636764854096,0.000537156471676722,0.000525916405075256,0.000514911538278442,0.000504136949700841,0.000493587820741807,0.00048325943363052,0.000473147169316106
"7",0.000740281055521151,0.000727303322525801,0.000713544135372011,0.000699801403483497,0.000686264404811502,0.000672975014399116,0.000659939524876148,0.000647155698955882,0.000634619309759195,0.000622325720768397,0.000610270266444238,0.000598448342894129,0.000586855428463513,0.00057548708741003,0.000564338969512758,0.000553406808723425,0.000542686421610292,0.000532173705775735,0.000521864638290838,0.000511755274157003,0.00050184174479657,0.000492120256572481,0.000482587089336574,0.000473238595005986,0.000464071196167134,0.000455081384706737,0.000446265720469354,0.000437620829940934,0.000429143404957862,0.000420830201441014
"8",0.000645410958210119,0.000635050975552212,0.000624049973821787,0.00061304410236846,0.000602185005520158,0.000591506798820989,0.000581015167031459,0.00057070895444085,0.000560585393588821,0.000550641370805531,0.000540873731919624,0.000531279355525736,0.000521855169973187,0.000512598156738461,0.0005035053505133,0.000494573838510298,0.000485800759591688,0.000477183303367787,0.000468718709300335,0.000460404265819059,0.000452237309453249,0.000444215223978594,0.000436335439579098,0.000428595432023868,0.000420992721858492,0.000413524873610766,0.000406189495010507,0.00039898423622321,0.000391906789097292,0.000384954886424694
"9",0.000583200511491509,0.00057458735473895,0.000565428863051595,0.000556253297781757,0.000547187088475724,0.000538259056876944,0.000529474371329974,0.000520832492641346,0.000512331526596772,0.000503969279131002,0.00049574351176929,0.000487652003117299,0.000479692563319602,0.000471863037119122,0.000464161304159264,0.000456585278624513,0.000449132908727637,0.000441802176166651,0.000434591095581268,0.000427497714015952,0.000420520110391189,0.000413656394983245,0.000406904708912394,0.00040026322363948,0.000393730140470706,0.000387303690070493,0.000380982131982302,0.000374763754157266,0.000368646872490524,0.000362629830365119
"10",0.000550718993315529,0.000542960502306086,0.000534704861190331,0.000526427601088875,0.000518242762226692,0.00051017651291007,0.000502233707963712,0.000494414051877259,0.000486716021995903,0.000479137820408638,0.000471677604635164,0.000464333543270701,0.000457103829150912,0.000449986682211635,0.000442980349852643,0.000436083106700727,0.000429293254232059,0.000422609120365371,0.00041602905905298,0.000409551449876095,0.000403174697645939,0.00039689723201095,0.000390717507070078,0.000384634000992088,0.000378645215640789,0.000372749676206106,0.000366945930840885,0.00036123255030336,0.000355608127605187,0.000350071277664954
"11",0.00056374858282947,0.000555340088261081,0.000546400599575425,0.000537445897281758,0.000528599369046195,0.00051988910234129,0.000511320095018897,0.000502891775207179,0.000494602249804122,0.000486449334241492,0.000478430801716612,0.000470544443159563,0.000462788081313462,0.000455159573695242,0.000447656812867574,0.000440277726066109,0.000433020274677632,0.000425882453689168,0.000418862291137044,0.000411957847562826,0.000405167215477673,0.0003984885188354,0.000391919912514199,0.000385459581806882,0.000379105741919539,0.000372856637478452,0.000366710542045137,0.000360665757639381,0.000354720614270145,0.000348873469474192
"12",0.000568310745793165,0.000559955461438662,0.000551070542728356,0.000542168402677189,0.000533371702542503,0.000524708423404499,0.000516183600333409,0.000507796730754728,0.000499545996926766,0.000491429289670191,0.000483444456224939,0.00047558935992685,0.000467861894248778,0.000460259985779989,0.000452781594529486,0.000445424713587082,0.000438187368635395,0.000431067617432281,0.000424063549292582,0.000417173284576086,0.000410394974183276,0.000403726799059141,0.000397166969705016,0.000390713725698347,0.000384365335220259,0.000378120094590799,0.000371976327811725,0.000365932386116733,0.000359986647528985,0.000354137516425831
"13",0.000590394167588002,0.00058187151929753,0.000572806079413134,0.000563720391754571,0.000554739642491202,0.00054589246273786,0.000537184074851207,0.00052861404865047,0.000520180609579244,0.000511881683553208,0.000503715150037587,0.00049567890303048,0.000487770865446963,0.00047998899220386,0.000472331270569549,0.000464795719856565,0.000457380390961014,0.000450083365870976,0.000442902757173449,0.000435836707566895,0.000428883389381022,0.00042204100410409,0.000415307781917726,0.000408681981239153,0.000402161888270726,0.000395745816556644,0.000389432106546744,0.000383219125167246,0.000377105265398353,0.000371088945858584
"14",0.000628513570257566,0.000619691197012235,0.000610302996644737,0.000600889680415818,0.000591580939178995,0.000582406546765074,0.000573372040324824,0.000564477099674604,0.000555720008671867,0.000547098737751491,0.000538611206295532,0.000530255345929642,0.000522029115504706,0.000513930504357043,0.000505957532729324,0.000498108251508073,0.000490380741800922,0.000482773114480557,0.000475283509726053,0.000467910096568978,0.000460651072445963,0.00045350466275808,0.000446469120437022,0.000439542725517999,0.000432723784719269,0.000426010631028179,0.000419401623293636,0.000412895145824898,0.00040648960799659,0.000400183443859848
"15",0.000680433843804025,0.000671244707722168,0.000661460735292461,0.000651644819276619,0.000641932178113799,0.000632354006593981,0.000622916249036605,0.000613618740835846,0.000604459857661515,0.000595437644301816,0.000586550088477875,0.000577795186998303,0.000569170961483835,0.00056067546184902,0.000552306766815456,0.000544062983709036,0.000535942248088186,0.000527942723335861,0.000520062600247492,0.000512300096622619,0.000504653456862007,0.000497120951570651,0.000489700877166655,0.000482391555495946,0.000475191333452738,0.000468098582605659,0.000461111698829457,0.000454229101942205,0.000447449235347923,0.000440770565684528
"16",0.000757609514706539,0.000748492414948405,0.000738770093177345,0.00072900018111838,0.000719317175567878,0.000709752495952213,0.000700312493680826,0.000690997438407654,0.000681806137189184,0.000672737058009337,0.000663788602882507,0.000654959174072678,0.000646247189985997,0.000637651088823106,0.000629169329256592,0.000620800390387545,0.000612542771529493,0.000604394991953094,0.000596355590623971,0.000588423125941536,0.00058059617548069,0.000572873335736799,0.000565253221874044,0.000557734467477088,0.000550315724306065,0.000542995662054811,0.000535772968112321,0.000528646347327377,0.0005216145217763,0.000514676230533804
"17",0.000825349604446508,0.000815738312974316,0.000805484798215053,0.000795176672964238,0.000784955809682988,0.000774855453014,0.000764882416841876,0.000755037098218114,0.000745318348670518,0.000735724659603164,0.000726254450593997,0.000716906139356985,0.000707678158568457,0.000698568959763852,0.000689577014090228,0.000680700812296047,0.000671938864537821,0.000663289700144637,0.000654751867374867,0.000646323933173354,0.000638004482931094,0.000629792120247843,0.000621685466697748,0.000613683161597989,0.000605783861780386,0.000597986241365955,0.000590288991542364,0.000582690820344246,0.000575190452436353,0.000567786628899487
"18",0.00089490347027985,0.00088471751807565,0.000873847938038023,0.00086291729844785,0.000852076013165191,0.000841359399853027,0.000830774762392506,0.000820322600372904,0.000810001772922313,0.00079981075567888,0.000789747946603891,0.000779811740235067,0.00077000054556876,0.000760312790220998,0.000750746921250514,0.00074130140517153,0.000731974727771642,0.000722765393884588,0.000713671927154331,0.000704692869799305,0.000695826782378938,0.000687072243562955,0.000678427849903527,0.000669892215610292,0.000661463972328199,0.000653141768918143,0.000644924271240365,0.000636810161940575,0.000628798140238763,0.000620886921720674
"19",0.000963690245654293,0.000952889776249946,0.000941362317253518,0.000929767869920603,0.00091826596293752,0.000906894103772181,0.000895660094165516,0.000884564518429292,0.000873606219699952,0.000862783633232274,0.000852095110857255,0.000841538999790365,0.000831113661626787,0.000820817476774656,0.000810648845344869,0.000800606187180417,0.00079068794167851,0.00078089256756454,0.000771218542656587,0.000761664363629852,0.000752228545783275,0.000742909622808879,0.000733706146563925,0.000724616686845868,0.000715639831170115,0.000706774184550523,0.000698018369282625,0.000689371024729535,0.000680830807110506,0.000672396389292113
"20",0.00102913327935855,0.00101771464163169,0.00100552596926305,0.000993264952715118,0.000981100278229881,0.000969071639609209,0.000957187323457897,0.000945447984091415,0.000933852433827196,0.000922399052921039,0.000911086132727273,0.00089991195906825,0.000888874832339553,0.000877973072210959,0.000867205018578383,0.000856569031605212,0.000846063491544205,0.00083568679850827,0.000825437372231062,0.000815313651827361,0.000805314095555613,0.000795437180583206,0.000785681402754567,0.0007760452763621,0.00076652733391993,0.000757126125940415,0.000747840220713408,0.000738668204088222,0.000729608679258265,0.000720660266548324
"21",0.00109086848989296,0.00107860961249019,0.00106552599580123,0.00105236678728201,0.00103931304920271,0.00102640734216933,0.00101365851020669,0.00100106720584348,0.000988632105660008,0.000976351423522729,0.000964223278815947,0.000952245785876935,0.000940417075549454,0.000928735300211521,0.000917198634782051,0.000905805276751097,0.00089455344597501,0.000883441384417006,0.000872467355877033,0.000861629645721605,0.000850926560616175,0.000840356428260619,0.000829917597127971,0.00081960843620638,0.000809427334744276,0.000799372701998699,0.000789442966986753,0.000779636578240149,0.000769952003562794,0.000760387729791399
"22",0.00114452021702113,0.00113180640318711,0.00111823539830494,0.00110458404060598,0.00109104014636221,0.00107764790659865,0.00106441654289634,0.00105134677907135,0.00103843728816061,0.00102568626223957,0.00101309179448877,0.00100065197201306,0.000988364898224417,0.000976228698074253,0.000964241519111946,0.000952401531529523,0.00094070692796209,0.000929155923231361,0.000917746754077877,0.000906477678892996,0.000895346977453325,0.000884352950658184,0.000873493920270262,0.000862768228659441,0.000852174238549753,0.000841710332769455,0.000831374914004166,0.000821166404553038,0.000811083246087919,0.000801123899415477
"23",0.00119068143368976,0.00117761734773963,0.00116367045349426,0.00114963887084503,0.00113571562745128,0.00112194618650212,0.00110834007658939,0.00109489809197576,0.00108161891803714,0.00106850074479095,0.00105554165967218,0.00104273974298004,0.00103009309090865,0.00101759982094271,0.00100525807296033,0.000993066009292989,0.000981021814533941,0.000969123695287895,0.000957369879908839,0.000945758618237426,0.000934288181340661,0.000922956861254532,0.000911762970729708,0.000900704842980308,0.000889780831435721,0.000878989309495421,0.00086832867028677,0.000857797326425753,0.000847393709780609,0.00083711627123834
"24",0.0012296761053971,0.00121635962023314,0.00120214113835943,0.00118783407018915,0.00117363521137432,0.00115959096105454,0.00114571108769893,0.00113199645411707,0.00111844577179849,0.0011050572461054,0.001091828976832,0.00107875905556943,0.00106584558921432,0.0010530867054884,0.00104048055407839,0.00102802530671154,0.00101571915697419,0.00100356032007018,0.000991547032566982,0.00097967755214116,0.000967950157325946,0.000956363147261662,0.000944914841449052,0.000933603579505557,0.000922427720924504,0.000911385644837184,0.000900475749777766,0.000889696453451039,0.000879046192502919,0.000868523422293717
"25",0.00126170915927351,0.00124822496844762,0.00123382527190575,0.00121933359308368,0.00120494924432146,0.00119071926646957,0.001176653606586,0.00116275319133491,0.00114901676728809,0.00113544256733132,0.00112202871646409,0.001108773330465,0.00109567453972896,0.00108273049487571,0.00106993936791944,0.00105729935235918,0.00104480866300862,0.00103246553576466,0.00102026822736331,0.00100821501513471,0.000996304196760121,0.000984534090031579,0.000972903032614333,0.000961409381812065,0.000950051514334895,0.000938827826070107,0.000927736731855604,0.000916776665256026,0.000905946078341516,0.000895243441469103
"26",0.00128044397978974,0.00126728751402687,0.00125323170473749,0.00123907968540323,0.00122502602868046,0.00121111679082867,0.00119736183090046,0.00118376219962236,0.00117031681598825,0.00115702409456153,0.00114388234196407,0.00113088985335109,0.0011180449357585,0.00110534591362725,0.00109279112998505,0.00108037894657152,0.00106810774370762,0.00105597592010457,0.00104398189265985,0.00103212409625181,0.00102040098353573,0.00100881102474199,0.000997352707476435,0.000986024536523063,0.000974825033648883,0.000963752737411033,0.000952806202966065,0.000941984001881412,0.000931284721948984,0.000920706967000893
"27",0.00130714042387113,0.0012939461930702,0.00127984735730957,0.00126564918870074,0.00125154686254164,0.00123758663535806,0.00122377846045215,0.00121012345442362,0.00119662059404411,0.00118326834884377,0.00117006507898002,0.00115700913207935,0.00114409886668982,0.00113133265784287,0.00111870889825508,0.00110622599846871,0.00109388238673509,0.00108167650883714,0.00106960682789866,0.00105767182419198,0.00104586999494694,0.00103419985416172,0.00102265993241577,0.0010112487766848,0.00099996495015778,0.000988807032056096,0.000977773617454603,0.000966863317104751,0.000956074757259653,0.000945406579501114
"28",0.00133106271370209,0.0013176202918617,0.00130325632510095,0.00128879123791547,0.0012744238757236,0.00126020136324329,0.00124613383914394,0.00123222243925647,0.001218466119388,0.00120486331860095,0.00119141236455902,0.00117811157218814,0.00116495926756902,0.001151953793603,0.00113909351123593,0.00112637679960095,0.00111380205589929,0.00110136769521906,0.00108907215034055,0.00107691387153991,0.00106489132639414,0.00105300299958801,0.00104124739272311,0.00102962302412896,0.00101812842867629,0.00100676215759237,0.000995522778278407,0.000984408874128965,0.000973419044353449,0.000962551903799525
"29",0.00135340047352249,0.00133948943071799,0.00132462752052266,0.00130966394294748,0.00129480442923168,0.0012800976756857,0.00126555410540099,0.00125117482801577,0.00123695869921464,0.00122290404134999,0.00120900906266612,0.00119527195930534,0.00118169093999365,0.00116826423188136,0.00115499008179231,0.00114186675635584,0.00112889254186839,0.0011160657440912,0.00110338468803426,0.00109084771773886,0.00107845319606168,0.00106619950446106,0.00105408504278566,0.00104210822906551,0.00103026749930545,0.00101856130728086,0.00100698812433577,0.000995546439183219,0.000984234757707939,0.000973051602771212
"30",0.00137459700968862,0.00136001117692564,0.00134443379439897,0.00132875559004999,0.00131319218170555,0.00129779448640832,0.00128257329585663,0.0012675296429136,0.0012526622012746,0.00123796908830374,0.00122344830410047,0.00120909783826867,0.00119491569572008,0.00118089990275204,0.00116704850832127,0.00115335958414966,0.0011398312245477,0.00112646154617161,0.00111324868776661,0.00110019080990913,0.00108728609475105,0.00107453274576673,0.00106192898750293,0.00104947306533161,0.00103716324520568,0.0010249978134176,0.00101297507636084,0.00100109336029401,0.000989351011107955,0.000977746394095418
"31",0.00138691955905956,0.0013716019077302,0.00135525040815609,0.00133880093170581,0.0013224797805661,0.00130634022642993,0.00129039340871697,0.00127464022735781,0.00125907911060873,0.0012437079066279,0.00122852434389166,0.00121352614306214,0.00119871104397144,0.00118407681193613,0.00116962123904105,0.00115534214420087,0.00114123737292717,0.00112730479702678,0.00111354231428633,0.00109994784815649,0.001086519347439,0.00107325478597718,0.00106015216235033,0.00104720949957169,0.00103442484479016,0.00102179626899564,0.00100932186672798,0.000996999755789482,0.000984828076960885,0.000972804993720849
"32",0.00140452337552761,0.00138861004662069,0.00137162776737104,0.00135454910949095,0.00133760907970912,0.00132086288026687,0.00130432194715065,0.001287987084962,0.00127185653466803,0.00125592793756008,0.00124019881310585,0.00122466667498712,0.00120932905905199,0.00119418352982495,0.00117922768180034,0.00116445913946937,0.00114987555704238,0.0011354746181005,0.0011212540352336,0.00110721154967843,0.00109334493096017,0.00107965197653826,0.00106613051145652,0.00105277838799777,0.0010395934853426,0.00102657370923259,0.00101371699163761,0.00100102129042735,0.000988484589046985,0.000976104896196806
"33",0.00144021269297011,0.00142356383698279,0.00140580091952824,0.00138794172045254,0.00137023202529609,0.00135272946649971,0.00133544589120391,0.0013183820291725,0.0013015359316341,0.0012849050250224,0.00126848661051801,0.00125227798529564,0.00123627647169764,0.00122047942400089,0.00120488422973403,0.00118948830967259,0.00117428911751634,0.00115928413949347,0.00114447089395102,0.00112984693094593,0.00111540983184021,0.00110115720890103,0.00108708670490579,0.00107319599275233,0.00105948277507403,0.00104594478385982,0.00103257978007913,0.00101938555331154,0.00100635992138122,0.000993500729996029
"34",0.00149455562758214,0.00147703651085863,0.00145834828347926,0.00143956211381265,0.00142093657172012,0.00140253221088458,0.00138436140934623,0.00136642485070232,0.00134872040271827,0.00133124527768172,0.00131399655776068,0.00129697132247321,0.00128016667933232,0.00126357977093255,0.00124720777630832,0.00123104791090292,0.00121509742620418,0.00119935360930351,0.00118381378244101,0.00116847530255156,0.00115333556081569,0.00113839198221595,0.00112364202509892,0.00110908318074302,0.00109471297293171,0.00108052895753241,0.00106652872208075,0.00105270988537027,0.0010390700970474,0.00102560703721172
"35",0.00156748110525524,0.00154896494853501,0.00152921503064745,0.00150936359236232,0.00148968388114431,0.00147023984229825,0.00145104450548957,0.00143209854281415,0.00141339965190969,0.0013949448388213,0.00137673097308316,0.00135875492237391,0.00134101358487338,0.00132350389673193,0.00130622283348911,0.0012891674100252,0.00127233468016091,0.0012557217361765,0.00123932570831632,0.00122314376429477,0.00120717310880741,0.00119141098304823,0.00117585466423309,0.00116050146512938,0.00114534873359185,0.00113039385210445,0.00111563423732817,0.00110106733965483,0.00108669064276658,0.00107250166320131
"36",0.00163965288010028,0.00162000034098658,0.0015990421399043,0.00157798022879455,0.00155710454685468,0.00153648285221151,0.00151612886613308,0.00149604319885292,0.0014762233069343,0.0014566659153535,0.00143736760629181,0.00141832496191478,0.0013995345986485,0.00138099317506459,0.00136269739335058,0.00134464399922568,0.00132682978148409,0.00130925157145357,0.00129190624243904,0.00127479070916822,0.0012579019272432,0.00124123689259909,0.00122479264096967,0.00120856624736016,0.0011925548255269,0.00117675552746401,0.00116116554289675,0.00114578209878173,0.00113060245881358,0.00111562392293826
"37",0.00169877956752959,0.00167821197038834,0.00165628072156004,0.0016342439007258,0.00161240488882901,0.00159083451600856,0.00156954706217348,0.00154854308939681,0.00152781986172763,0.00150737387939801,0.00148720149476773,0.0014672990616476,0.00144766297112215,0.00142828965976955,0.00140917561117359,0.0013903173558106,0.00137171147054736,0.00135335457805085,0.00133524334618271,0.00131737448739625,0.00129974475814018,0.00128235095826987,0.00126518993046656,0.00124825855966422,0.00123155377248411,0.00121507253667688,0.00119881186057221,0.00118276879253569,0.00116694042043312,0.00115132387110182
"38",0.00177777848193237,0.00175637271685886,0.00173354613019682,0.00171060797809219,0.00168787403819207,0.00166541807446671,0.00164325499459517,0.00162138542729595,0.0015998065674415,0.00157851481391117,0.00155750641078652,0.0015367776028193,0.00151632467274225,0.00149614394984245,0.0014762318115504,0.00145658468333654,0.00143719903820259,0.00141807139608079,0.00139919832321701,0.00138057643155624,0.00136220237813488,0.00134407286448068,0.00132618463602068,0.00130853448149691,0.00129111923238997,0.00127393576235019,0.00125698098663637,0.0012402518615621,0.00122374538394927,0.00120745859058898
"39",0.00187730153106028,0.00185513271272584,0.00183148665578798,0.0018077189513458,0.00178415675200654,0.00176087662024612,0.00173789415874112,0.00171521017471243,0.00169282191407268,0.00167072579465205,0.00164891807078915,0.00162739499455321,0.00160615285448536,0.00158518798454253,0.00156449676579683,0.00154407562637829,0.00152392104099637,0.00150402953036501,0.00148439766061014,0.00146502204267893,0.00144589933175515,0.00142702622668194,0.00140839946939193,0.0013900158443448,0.00137187217797219,0.00135396533812986,0.00133629223355695,0.00131884981334238,0.00130163506639816,0.00128464502093954
"40",0.00199665550156472,0.00197383010079745,0.00194947405013317,0.00192498252012498,0.00190069254420126,0.00187668322888516,0.00185297090657982,0.00182955666374461,0.00180643791183693,0.00178361120372796,0.00176107291887277,0.00173881942965692,0.00171684714144738,0.00169515250190383,0.0016737320028125,0.00165258218010503,0.001631699613441,0.00161108092568955,0.00159072278239166,0.00157062189122295,0.00155077500146179,0.00153117890346369,0.00151183042814224,0.00149272644645665,0.00147386386890571,0.00145523964502815,0.00143685076290933,0.00141869424869412,0.00140076716610603,0.00138306661597227
"41",0.00210007781175903,0.0020768699886978,0.00205209594984411,0.00202717364724146,0.00200244594890375,0.00197799356226944,0.00195383336018119,0.00192996670180783,0.00190639120161393,0.00188310359525361,0.00186010043713302,0.0018373782698954,0.00181493366530216,0.00179276323379844,0.00177086362645676,0.00174923153506925,0.0017278636917935,0.00170675686869438,0.00168590787726506,0.00166531356794746,0.00164497082965694,0.00162487658931246,0.00160502781137238,0.0015854214973759,0.00156605468549011,0.00154692445006253,0.00152802790117917,0.00150936218422796,0.00149092447946752,0.00147271200160119
"42",0.00219204756112659,0.00216841205177813,0.00214317433959944,0.00211777807599406,0.00209257257702547,0.00206764023012566,0.00204299840568273,0.00201864866588018,0.00199458875353471,0.0019708155124448,0.00194732559845929,0.00192411565233394,0.00190118234147592,0.00187852236975197,0.00185613247952052,0.00183400945177393,0.00181215010582438,0.00179055129888281,0.0017692099256159,0.00174812291770176,0.0017272872433893,0.00170669990706249,0.00168635794880969,0.00166625844399808,0.00164639850285322,0.00162677527004356,0.00160738592426989,0.00158822767785976,0.00156929777636666,0.00155059349817401
"43",0.00232071383239743,0.00229645677499998,0.00227054639735945,0.00224446376474964,0.00221856753629974,0.00219294250293723,0.0021676067213598,0.00214256201367564,0.00211780627526794,0.00209333647400381,0.0020691493808185,0.00204524174742576,0.00202161034929423,0.00199825199579237,0.00197516353233604,0.00195234184059075,0.00192978383820373,0.00190748647842485,0.00188544674970428,0.00186366167528792,0.00184212831281588,0.00182084375392524,0.00179980512385728,0.00177900958106914,0.00175845431685012,0.00173813655494228,0.00171805355116548,0.00169820259304674,0.00167858099945391,0.00165918612023349
"44",0.00248714611508695,0.00246206550780918,0.00243526507995303,0.0024082755372412,0.00238146788838587,0.00235493006834453,0.00232868100390184,0.002302722824041,0.00227705358999259,0.00225167039864415,0.0022265701388647,0.00220174967559831,0.00217720589444839,0.0021529357122522,0.00212893607936692,0.00210520397993826,0.00208173643168037,0.00205853048553981,0.00203558322533444,0.00201289176738922,0.0019904532601744,0.00196826488394733,0.00194632385039815,0.00192462740229941,0.00190317281315954,0.0018819573868803,0.00186097845741789,0.00184023338844801,0.00181971957303446,0.00179943443330166
"45",0.00269119111692378,0.00266509098845917,0.00263718982867524,0.00260907985561326,0.00258114733773687,0.00255348406406156,0.00252611000162021,0.00249902762402902,0.0024722351637065,0.00244572984401649,0.00241950866735104,0.0023935686070821,0.00236790665411368,0.00234251982797253,0.00231740517925223,0.00229255978995112,0.00226798077329925,0.00224366527346348,0.00221961046522549,0.00219581355365597,0.00217227177379045,0.00214898239030817,0.00212594269721433,0.00210315001752565,0.00208060170295936,0.00205829513362547,0.00203622771772241,0.00201439689123585,0.00199280011764079,0.00197143488760685
"46",0.0028435000126428,0.00281712245721681,0.00278891223469294,0.00276047769047137,0.00273220938410814,0.00270420037784977,0.0026764711393891,0.00264902444329387,0.00262185876926508,0.00259497157148006,0.00256836007616583,0.00254202147599815,0.00251595297731333,0.00249015181140502,0.00246461523705913,0.00243934054095298,0.00241432503753544,0.00238956606878267,0.00236506100392577,0.00234080723917364,0.00231680219743696,0.00229304332805446,0.00226952810652198,0.00224625403422422,0.00222321863816923,0.00220041947072565,0.00217785410936269,0.00215552015639263,0.00213341523871613,0.00211153700757004
"47",0.00298132540591472,0.00295481860759455,0.002926458692768,0.0028978611451763,0.00286941859730312,0.00284122483008819,0.00281330066617752,0.0027856491360901,0.00275826894686483,0.00273115777002719,0.0027043130440871,0.00267773217025819,0.00265141256004611,0.00262535164667567,0.0025995468876917,0.00257399576540705,0.00254869578682694,0.00252364448344718,0.00249883941102343,0.00247427814933521,0.00244995830195038,0.00242587749599141,0.00240203338190396,0.00237842363322761,0.00235504594636886,0.00233189804037642,0.00230897765671858,0.00228628255906293,0.0022638105330581,0.00224155938611775
"48",0.00320883706600912,0.00318109722009707,0.00315141039051073,0.00312146670901298,0.00309167717337711,0.00306214009708483,0.00303287743624199,0.00300389251911071,0.00297518414445416,0.00294675002419038,0.00291858762389714,0.00289069436787853,0.00286306768906106,0.00283570504099942,0.00280860390063121,0.0027817617687743,0.00275517617007467,0.00272884465282162,0.00270276478873231,0.00267693417273047,0.00265135042272515,0.00262601117939132,0.00260091410595219,0.00257605688796386,0.00255143723310177,0.0025270528709494,0.0025029015527888,0.0024789810513933,0.00245528916082205,0.00243182369621663
"49",0.00352883686814972,0.00349873251194047,0.00346651136555701,0.0034340073722279,0.0034016666116294,0.00336959586115662,0.00333781902966126,0.00330633980633611,0.00327515696237091,0.00324426808792492,0.0032136705046142,0.00318336148817891,0.00315333832267897,0.003123598313546,0.00309413879058855,0.0030649571085454,0.00303605064704173,0.00300741681040108,0.00297905302742386,0.00295095675115929,0.00292312545867735,0.00289555665084243,0.00286824785208895,0.00284119661019906,0.00281440049608248,0.00278785710355833,0.0027615640491391,0.00273551897181663,0.00270971953285005,0.00268416341555583
"50",0.00394128227018097,0.0039076947416431,0.00387174516492982,0.00383547965416511,0.00379939590615807,0.00376361306012003,0.00372815779833423,0.0036930342435939,0.00365824103144909,0.00362377547963573,0.00358963460617054,0.00355581537779219,0.0035223147704317,0.0034891297837765,0.00345625744462474,0.00342369480750375,0.00339143895462228,0.00335948699566174,0.0033278360675302,0.0032964833341089,0.00326542598599894,0.00323466124026971,0.00320418634020958,0.00317399855507886,0.00314409517986514,0.00311447353504092,0.00308513096632346,0.00305606484443699,0.00302727256487706,0.00299875154767721
"51",0.00432683276394679,0.00429025499023641,0.00425110207562243,0.00421160211142053,0.00417229713861596,0.00413331696360123,0.00409469070270078,0.00405642290141682,0.00401851212774591,0.0039809555134401,0.00394374986298769,0.00390689192426074,0.00387037845440251,0.00383420623570443,0.00379837207927024,0.00376287282569905,0.00372770534504223,0.00369286653658506,0.00365835332858733,0.00362416267801595,0.00359029157027747,0.00355673701895252,0.00352349606553253,0.00349056577915887,0.00345794325636448,0.00342562562081783,0.00339361002306934,0.00336189364030014,0.00333047367607318,0.00329934736008667
"52",0.00466120812185009,0.00462235514595622,0.00458076169053558,0.00453879409620542,0.0044970281831676,0.00445560194209387,0.00441454640712703,0.00437386650793912,0.0043335608217088,0.00429362639802405,0.00425405993729675,0.00421485807840631,0.00417601746874651,0.00413753478111967,0.0040994067176486,0.00406163001051921,0.00402420142195086,0.00398711774398009,0.00395037579820054,0.00391397243549425,0.00387790453576259,0.00384216900765911,0.0038067627883246,0.00377168284312458,0.00373692616538925,0.00370248977615574,0.00366837072391284,0.00363456608434799,0.00360107296009664,0.00356788848049394
"53",0.00507248495146273,0.00503046619009498,0.00498548121209274,0.00494008900812894,0.00489491234634531,0.00485010051262825,0.00480568711981904,0.00476167754677333,0.00471807030075607,0.00467486223603427,0.00463204982852434,0.00458962948694924,0.00454759762862156,0.00450595069772796,0.0044646851695691,0.00442379755137058,0.00438328438225828,0.00434314223303168,0.00430336770588973,0.00426395743414719,0.00422490808195065,0.0041862163439964,0.00414787894525068,0.00410989264067254,0.00407225421493911,0.0040349604821735,0.00399800828567507,0.00396139449765228,0.00392511601895794,0.00388916977882685
"54",0.00556303536398042,0.00551693307091979,0.00546757647965109,0.00541777328496178,0.00536820677556974,0.00531904074157283,0.00527031205862813,0.00522202662471824,0.00517418279854269,0.00512677712523003,0.0050798057348436,0.00503326468377224,0.00498715003787602,0.00494145789254665,0.00489618437735871,0.00485132565695881,0.00480687793103805,0.00476283743408265,0.00471920043507272,0.00467596323717047,0.00463312217740815,0.00459067362637793,0.00454861398792448,0.00450693969884038,0.00446564722856423,0.00442473307888153,0.00438419378362834,0.00434402590839762,0.00430422605024831,0.00426479083741699
"55",0.00614980475747979,0.00609887184129316,0.00604434334149179,0.00598932112479872,0.00593456007887451,0.00588024116212064,0.00582640512014234,0.0057730584747086,0.00572019941815365,0.00566782413909969,0.00561592836752487,0.00556450775193454,0.00551355795122249,0.00546307465683493,0.00541305359791025,0.00536349054226227,0.00531438129635072,0.00526572170500662,0.00521750765110034,0.005169735055198,0.00512239987521754,0.00507549810608691,0.00502902577940536,0.00498297896310763,0.00493735376113127,0.00489214631308701,0.0048473527939321,0.00480296941364669,0.00475899241691315,0.00471541808279833
"56",0.00663041566397622,0.00657459796214774,0.00651484838375841,0.00645456685108432,0.00639458054628434,0.0063350876013442,0.0062761324937072,0.00621772220345311,0.00615985458761885,0.00610252531066527,0.00604572953697666,0.00598946234393821,0.00593371882250647,0.00587849410145053,0.00582378335295197,0.0057695817936547,0.00571588468460621,0.0056626873309311,0.00560998508144198,0.00555777332823809,0.00550604750630368,0.00545480309310919,0.00540403560821592,0.00535374061288432,0.00530391370968585,0.00525455054211857,0.0052056467942262,0.00515719819022079,0.00510920049410883,0.00506164950932095
"57",0.00706421014383104,0.00700385706461288,0.00693926110362696,0.00687409899811714,0.00680926503592094,0.0067449732654788,0.00668127160130649,0.00661816742251832,0.0065556582491686,0.00649373923392524,0.00643240499134552,0.00637165004425172,0.00631146893237215,0.0062518562385026,0.00619280659452785,0.00613431468252798,0.00607637523468762,0.0060189830329164,0.00596213290840215,0.00590581974115103,0.0058500384595278,0.00579478403979942,0.00574005150568268,0.00568583592789601,0.00563213242371562,0.00557893615653571,0.00552624233543287,0.00547404621473465,0.00542234309359211,0.00537112831555648
"58",0.00770107168999927,0.00763589245280221,0.00756612520846543,0.00749574032036633,0.00742570366159126,0.00735624652313176,0.00728742077323985,0.00721923449729551,0.00715168512959966,0.00708476754544436,0.00701847603718106,0.00695280479647429,0.00688774803170004,0.00682329999623343,0.00675945499497497,0.00669620738556532,0.00663355157830623,0.00657148203576904,0.00650999327233032,0.00644907985369318,0.00638873639640845,0.00632895756739932,0.00626973808349006,0.00621107271093913,0.00615295626497663,0.0060953836093461,0.00603834965585054,0.00598184936390277,0.00592587774007992,0.00587042983768213
"59",0.00854732069006772,0.00847702654594667,0.00840176545145211,0.00832581808759834,0.00825022635350514,0.00817524009167482,0.00810091562952043,0.00802726205639298,0.00795427696315107,0.00788195517352572,0.00781029087691894,0.00773927814909189,0.00766891107899914,0.00759918379940326,0.00753009049398538,0.00746162539871667,0.0073937828018311,0.0073265570434598,0.00725994251518588,0.0071939336595832,0.00712852496975436,0.00706371098887162,0.00699948630972179,0.00693584557425518,0.00687278347313849,0.00681029474531201,0.00674837417755061,0.00668701660402886,0.00662621690589003,0.00656597001081911
"60",0.00961117952995023,0.00953569566558926,0.00945484676567488,0.0093732274434637,0.00929195687879751,0.00921130400370244,0.00913132992849279,0.00905204500637365,0.00897344722450156,0.00889553158705776,0.00881829240825393,0.00874172387243175,0.00866582017062154,0.00859057553358521,0.00851598423956149,0.00844204061583111,0.00836873903877425,0.0082960739335623,0.00822403977376315,0.00815263108092795,0.00808184242417627,0.00801166841978342,0.00794210373077116,0.00787314306650178,0.00780478118227579,0.00773701287893298,0.00766983300245709,0.00760323644358373,0.00753721813741188,0.00747177306301864
"61",0.0106412890525851,0.010561401916027,0.0104758057085182,0.0103893609563491,0.0103032524544907,0.0102177654349331,0.0101329651661575,0.0100488631681355,0.00996545785562648,0.00988274447560382,0.00980071753672861,0.0097193714030721,0.00963870043898647,0.009558699044231,0.00947936166226726,0.00940068278199657,0.00932265693789624,0.00924527870976692,0.00916854272238707,0.00909244364514716,0.00901697619168122,0.00894213511950011,0.00886791522962734,0.00879431136623809,0.00872131841630094,0.00864893130922271,0.0085771450164963,0.00850595455135125,0.00843535496840743,0.00836534136333143
"62",0.0115566371204894,0.0114720630230107,0.0113814269556299,0.0112898733815464,0.0111986567860761,0.0111080794782541,0.0110182108878804,0.010929063525474,0.0108406360174477,0.0107529236306009,0.0106659208456898,0.0105796219865289,0.010494021373556,0.0104091133611056,0.010324892346243,0.0102413527706462,0.0101584891207897,0.0100762959277151,0.00999476776670357,0.00991389925692523,0.00983368506108651,0.00975411988507815,0.00967519847762592,0.00959691562994409,0.00951926617539165,0.00944224498913131,0.00936584698779128,0.00929006712912976,0.00921490041170217,0.00914034187453099
"63",0.0126075767269187,0.0125165313844874,0.0124189503479463,0.0123203710322837,0.0122221440057214,0.0121245948941414,0.0120277986195726,0.0119317688200623,0.0118365041817606,0.011741999770926,0.0116482498052725,0.0115552483315055,0.011462989390745,0.0113714670586955,0.0112806754551846,0.011190608746211,0.0111012611441628,0.0110126269075908,0.0109247003408752,0.0108374757938681,0.0107509476615325,0.0106651103835829,0.010579958444128,0.0104954863713159,0.0104116887369833,0.0103285601563058,0.0102460952874526,0.0101642888312428,0.0100831355308051,0.0100026301712396
"64",0.0138080141088743,0.013708518934107,0.0136018797213212,0.0134941476856042,0.01338679875695,0.0132801888152827,0.0131743997680687,0.0130694465493906,0.0129653277527929,0.0128620380153984,0.0127595710466161,0.0126579203686116,0.0125570794971016,0.012457041985261,0.012357801434151,0.0122593514949615,0.012161685869253,0.0120647983087125,0.0119686826147925,0.011873332638324,0.0117787422791254,0.0116849054856126,0.0115918162544124,0.0114994686299779,0.011407856704208,0.0113169746160692,0.0112268165512205,0.0111373767416417,0.0110486494652642,0.010960629045605
"65",0.0151532693872114,0.0150434520527965,0.014925754635232,0.0148068564873562,0.014688386611333,0.0145707377125347,0.0144540001034506,0.014338190179903,0.0142233063047236,0.0141093424755134,0.0139962916671212,0.0138841466487798,0.013772900183602,0.0136625450770197,0.0135530741882792,0.0134444804329049,0.013336756782956,0.0132298962667474,0.0131238919684402,0.0130187370276055,0.0129144246387827,0.0128109480510394,0.012708300567535,0.0126064755450871,0.0125054663937419,0.0124052665763472,0.0123058696081298,0.0122072690562756,0.0121094585395132,0.0120124317277012
"66",0.0162985910346348,0.0161766920004119,0.0160460776940734,0.015914164483984,0.0157827602768048,0.0156523003796281,0.0155228844570083,0.0153945301554072,0.0152672351219982,0.0151409921689599,0.0150157929809228,0.0148916290210417,0.0147684917520954,0.0146463726901035,0.0145252634169959,0.0144051555832733,0.0142860409082236,0.0141679111795452,0.0140507582528279,0.0139345740510031,0.0138193505637894,0.0137050798471417,0.0135917540227032,0.0134793652772622,0.0133679058622138,0.0132573680930254,0.013147744348707,0.0130390270712855,0.0129312087652844,0.0128242819972059
"67",0.0174233008500558,0.0172892792693075,0.0171457077468238,0.0170007423714386,0.0168563705094527,0.0167130701339059,0.0165709502156334,0.0164300295821981,0.0162903050911828,0.0161517682953163,0.0160144095158269,0.0158782188376439,0.0157431863521313,0.0156093022158787,0.0154765566645322,0.0153449400156389,0.0152144426688098,0.0150850551052319,0.0149567678870263,0.0148295716565722,0.0147034571358271,0.0145784151256514,0.0144544365051374,0.0143315122309438,0.0142096333366362,0.0140887909320331,0.0139689762025575,0.0138501804085937,0.01373239488485,0.0136156110397267
"68",0.018985597106532,0.0188399993209087,0.0186840229133571,0.0185265282026648,0.0183696742554463,0.0182139804047957,0.0180595651064967,0.017906448883143,0.0177546283875003,0.0176040945079499,0.0174548367940117,0.0173068445376235,0.0171601070368823,0.0170146136599333,0.0168703538600074,0.0167273171785202,0.0165854932452595,0.0164448717778636,0.0163054425811327,0.0161671955463036,0.0160301206503196,0.0158942079551053,0.0157594476068461,0.0156258298352736,0.0154933449529574,0.015361983354603,0.0152317355163548,0.0151025919951065,0.0149745434278154,0.0148475805308246
"69",0.0210262207444584,0.0208695274060992,0.0207016264282811,0.0205320507510761,0.0203631243693492,0.0201954069329126,0.0200290266419861,0.0198640062632469,0.0197003428529317,0.0195380272506191,0.0193770488453228,0.0192173967403339,0.0190590600374805,0.0189020279060726,0.0187462895992012,0.0185918344571699,0.0184386519077837,0.0182867314658747,0.0181360627326452,0.0179866353949711,0.0178384392246993,0.0176914640779485,0.0175456998944155,0.017401136696686,0.0172577645895521,0.0171155737593349,0.0169745544732127,0.0168346970785549,0.016695992002261,0.0165584297501059
"70",0.0235860189232731,0.0234190575514902,0.0232400841127867,0.0230592514193517,0.0228790364287192,0.0227000367764012,0.0225223903352852,0.0223461225686019,0.0221712315058612,0.0219977085297941,0.0218255434608439,0.0216547258004533,0.0214852450347081,0.0213170907081248,0.0211502524412136,0.0209847199342923,0.0208204829679399,0.0206575314026324,0.0204958551781819,0.0203354443131314,0.0201762889041426,0.0200183791253855,0.0198617052279317,0.0197062575391528,0.0195520264621236,0.0193990024750288,0.0192471761305759,0.0190965380554116,0.0189470789495431,0.0187987895857641
"71",0.0262587644206576,0.0260786544234231,0.0258855419397833,0.0256903762535876,0.0254958297847737,0.025302548036821,0.0251106805183056,0.024920255433731,0.0247312713696733,0.0245437197287292,0.0243575902182709,0.0241728721929798,0.0239895549828702,0.0238076279730848,0.0236270806229549,0.0234479024702039,0.0232700831315193,0.0230936123022387,0.0229184797558235,0.0227446753432835,0.0225721889925931,0.0224010107081083,0.0222311305699879,0.0220625387336189,0.0218952254290457,0.0217291809604041,0.0215643957053594,0.0214008601145486,0.0212385647110275,0.0210775000897208
"72",0.0288528338971243,0.028656292695498,0.0284455523947186,0.0282325604411607,0.028020233145666,0.0278092750850384,0.0275998495864649,0.0273919875969081,0.0271856877379088,0.0269809407884923,0.0267777356755559,0.0265760609391912,0.0263759050907429,0.0261772566999277,0.0259801044156596,0.0257844369706569,0.0255902431820839,0.0253975119512272,0.0252062322629377,0.0250163931850199,0.0248279838676124,0.0246409935425682,0.0244554115228396,0.0242712272018681,0.0240884300529775,0.0239070096287727,0.0237269555605423,0.0235482575576664,0.0233709054070281,0.0231948889724299
"73",0.0317509282577519,0.0315383263498493,0.0313103373709272,0.031079883137894,0.0308501185053654,0.0306218061118787,0.0303951231020965,0.030170103397024,0.0299467459362477,0.0297250411677136,0.0295049775300218,0.0292865430383163,0.02906972567189,0.0288545134685415,0.0286408945471676,0.0284288571127988,0.0282183894573407,0.0280094799592682,0.0278021170830668,0.027596289378617,0.027391985480566,0.0271891941077023,0.0269879040623322,0.0267881042296622,0.026589783577185,0.0263929311540705,0.0261975360905607,0.0260035875973702,0.0258110749650897,0.025619987563595
"74",0.0350017504175139,0.0347730549769032,0.0345277660777913,0.034279780767455,0.0340324930524218,0.0337867240191039,0.0335426649169551,0.0333003528915984,0.0330597874377412,0.0328209589035113,0.0325838554670425,0.0323484648436509,0.0321147747032097,0.0318827727718216,0.0316524468562175,0.0314237848492469,0.031196774730741,0.0309714045672491,0.0307476625115002,0.0305255368018031,0.0303050157614327,0.0300860877980182,0.0298687414029336,0.0296529651506929,0.0294387476983494,0.0292260777848998,0.0290149442306918,0.0288053359368366,0.0285972418846253,0.0283906511349501
"75",0.0386548336864949,0.0384097994468014,0.0381469326682369,0.0378811194638514,0.0376159967295882,0.0373524451150937,0.0370906704070238,0.0368307132294908,0.0365725738385977,0.036316242675236,0.036061707844724,0.0358089569475388,0.0355579775270554,0.0353087571786984,0.0350612835762026,0.0348155444775822,0.0345715277261363,0.0343292212502417,0.0340886130628525,0.0338496912609303,0.0336124440248616,0.0333768596178741,0.0331429263854568,0.0329106327547833,0.0326799672341391,0.0324509184123536,0.0322234749582353,0.0319976256200112,0.0317733592247701,0.0315506646779103
"76",0.0428051368187397,0.0425351927492834,0.0422455934053719,0.0419527374982866,0.0416606317186778,0.0413702464058903,0.0410818084255072,0.0407953626813799,0.0405109096006264,0.0402284387946022,0.0399479372997619,0.0396693915947933,0.0393927880939733,0.0391181132674556,0.0388453536702209,0.0385744959486694,0.0383055268417419,0.0380384331807053,0.0377732018886142,0.0375098199796966,0.0372482745587247,0.0369885528203848,0.0367306420486512,0.0364745296161632,0.0362202029836072,0.0359676496991029,0.0357168573975931,0.0354678138002389,0.0352205067138183,0.0349749240301291
"77",0.0473865957569649,0.0470834787574871,0.0467583218234751,0.046429541052447,0.0461016352810085,0.0457756935803398,0.0454519701998181,0.0451305150941243,0.0448113282910085,0.044494397681907,0.0441797082728589,0.0438672444486115,0.0435569905262933,0.0432489308903603,0.0429430500250392,0.0426393325216807,0.0423377630799744,0.0420383265076658,0.0417410077199104,0.0414457917385428,0.0411526636913292,0.0408616088112204,0.0405726124356077,0.0402856600055846,0.0400007370652137,0.0397178292607977,0.0394369223401572,0.039158002151912,0.0388810546447686,0.038606065866812
"78",0.0523515322880231,0.0520160712975785,0.0516562228166827,0.0512923683236742,0.0509294866700758,0.0505687830655314,0.0502105388207334,0.0498548091563247,0.0495015940407101,0.0491508800121633,0.0488026504164964,0.0484568879126325,0.0481135750853141,0.0477726945944324,0.0474342292109237,0.0470981618248992,0.046764475446985,0.046433153208002,0.0461041783582453,0.0457775342666698,0.0454532044200576,0.0451311724221846,0.0448114219929926,0.044493936967766,0.0441787012963148,0.0438656990421633,0.0435549143817443,0.0432463316035991,0.0429399351075835,0.0426357094040789
"79",0.0578224966391605,0.0574545838686165,0.0570599058032684,0.0566608142645262,0.0562627698874413,0.0558670947821188,0.0554740977739291,0.0550838397097555,0.0546963208298652,0.0543115266399695,0.0539294391408684,0.0535500395769569,0.0531733091083953,0.0527992289749592,0.0524277805354471,0.0520589452766283,0.051692704814738,0.0513290408951535,0.0509679353916285,0.0506093703054256,0.0502533277644276,0.0498997900222491,0.0495487394573523,0.0492001585721687,0.0488540299922274,0.0485103364652885,0.0481690608604837,0.0478301861674623,0.0474936954955432,0.0471595720728732
"80",0.0638699517392612,0.0634707924141258,0.0630425438962539,0.0626094527288235,0.0621774436868714,0.0617479520051,0.0613213135495486,0.0608975951010767,0.0604767976612324,0.0600589062315622,0.0596439020013525,0.0592317653310661,0.058822476482111,0.0584160157948066,0.0580123637312454,0.05761150088508,0.0572134079832162,0.0568180658855293,0.0564254555841016,0.0560355582023467,0.0556483549941117,0.0552638273427779,0.0548819567603666,0.0545027248866499,0.0541261134882685,0.0537521044578547,0.0533806798131619,0.0530118216962,0.0526455123723768,0.0522817342296454
"81",0.0655292190707664,0.0651352615227461,0.0647124887695595,0.0642848238760813,0.0638581151342374,0.063433780769568,0.0630121539120131,0.0625933020184897,0.0621772275720392,0.0617639172359558,0.0613533538917476,0.0609455195867891,0.0605403962556313,0.060137965896052,0.0597382106115699,0.0593411126212563,0.0589466542615426,0.0585548179860704,0.0581655863650674,0.05777894208461,0.0573948679458625,0.0570133468643141,0.05663436186902,0.0562578961018462,0.0558839328167201,0.055512455378885,0.0551434472641605,0.0547768920582077,0.0544127734557985,0.0540510752600907
"82",0.0706356491710788,0.0701985046002997,0.0697294727608636,0.0692551054474332,0.0687818914680572,0.0683114031263848,0.0678440087226498,0.0673797818379419,0.0669187239994402,0.0664608192035642,0.0660060472661115,0.0655543870904878,0.0651058174672232,0.0646603172689902,0.0642178654976063,0.0637784412947964,0.0633420239440881,0.0629085928705392,0.0624781276399401,0.0620506079578935,0.0616260136688672,0.0612043247552465,0.0607855213363915,0.0603695836676995,0.0599564921396745,0.0595462272770024,0.0591387697376332,0.0587341003118688,0.0583321999214576,0.057933049618695
"83",0.078339116936462,0.0778862992375049,0.0774002433347704,0.0769084381045087,0.0764176063663228,0.0759293800742049,0.075444143906531,0.0749619770705274,0.0744828840351797,0.0740068510557082,0.0735338600202146,0.0730638918411919,0.0725969272857655,0.0721329471784844,0.0716719324504061,0.0712138641505304,0.0707587234480136,0.0703064916321273,0.069857150111669,0.0694106804142418,0.0689670641855057,0.0685262831884259,0.0680883193025234,0.0676531545231306,0.0672207709606508,0.066791150839823,0.0663642764989913,0.0659401303893783,0.0655186950743643,0.0650999532287702
"84",0.0888790733266728,0.0884432803351676,0.0879750697099208,0.0875008654282475,0.0870271397169538,0.0865554693040995,0.0860862303338962,0.0856195045936369,0.0851553017454915,0.0846936138216857,0.0842344285873388,0.083777732816947,0.0833235130975286,0.0828717560252672,0.0824224482534334,0.0819755765038383,0.0815311275693467,0.0810890883141989,0.0806494456737973,0.0802121866543632,0.0797772983325632,0.0793447678551297,0.0789145824384819,0.0784867293683479,0.0780611959993891,0.0776379697548265,0.0772170381260686,0.0767983886723426,0.0763820090203255,0.0759678868637796
"85",0.102318557888804,0.101937686832606,0.101527978707381,0.101112489224135,0.100696876243614,0.10028252378174,0.099869766361576,0.0994586808301024,0.0990492807863334,0.0986415643211603,0.0982355257392409,0.0978311584370825,0.0974284556096323,0.0970274104236842,0.0966280160603694,0.0962302657255012,0.0958341526520286,0.0954396701005515,0.0950468113593613,0.0946555697443646,0.0942659385989783,0.0938779112940197,0.0934914812275931,0.0931066418249784,0.0927233865385192,0.0923417088475109,0.0919616022580904,0.0915830603031251,0.0912060765421033,0.0908306445610243
"86",0.102168676009806,0.101591047460486,0.100970937142563,0.100343404799892,0.0997170267609299,0.099093886042054,0.0984744745553054,0.0978588944718674,0.0972471525855464,0.0966392324355298,0.0960351119766544,0.0954347679081238,0.0948381767333917,0.0942453150191466,0.0936561594580701,0.0930706868835234,0.0924888742724591,0.091910698745452,0.0913361375660295,0.0907651681398329,0.0901977680137436,0.0896339148750027,0.0890735865503351,0.088516761005077,0.0879634163423102,0.0874135308020003,0.0868670827601417,0.0863240507279066,0.0857844133508006,0.0852481494078223
"87",0.111204994795276,0.110587010765164,0.109923510054458,0.109251996964341,0.108581647380583,0.10791469084552,0.107251654603709,0.106592648871375,0.105937681792477,0.105286736615231,0.104639790602639,0.103996819665586,0.103357799497419,0.102722705851268,0.1020915146073,0.10146420178851,0.100840743563905,0.100221116248601,0.0996052963031712,0.098993260332807,0.0983849850864493,0.0977804474559057,0.0971796244749747,0.0965824933185733,0.0959890313018692,0.0953992158794201,0.0948130246443166,0.0942304353273311,0.0936514257960716,0.0930759740541413
"88",0.120983564552989,0.120323086579786,0.119613889486538,0.118896051167849,0.118179378859021,0.11746625647635,0.116757248549797,0.116052473841979,0.115351941990747,0.11465563600876,0.113963532500574,0.113275606616444,0.112591833265616,0.111912187412973,0.111236644151034,0.110565178716918,0.109897766495808,0.109234383021126,0.1085750039739,0.107919605181935,0.107268162618943,0.106620652403666,0.105977050799003,0.105337334211137,0.104701479188673,0.104069462421777,0.103441260741323,0.10281685111804,0.102196210661672,0.101579316620137
"89",0.13156296683431,0.130857805102815,0.130100549564031,0.129333983786536,0.128568578910999,0.127806881270805,0.127049494687505,0.126296546989356,0.125548049460872,0.124803984941381,0.124064329416616,0.123329057309945,0.122598142778513,0.121871560030226,0.121149283400745,0.120431287371684,0.119717546574385,0.119008035790169,0.118302729949723,0.117601604132291,0.1169046335648,0.116211793620999,0.115523059820583,0.114838407828329,0.114157813453241,0.113481252647688,0.112808701506563,0.112140136266428,0.111475533304685,0.110814869138733
"90",0.143006691457391,0.142254611228753,0.141446885957136,0.140629139615452,0.139812540473448,0.138999805496875,0.138191579853077,0.137388000972111,0.136589081947039,0.135794805513207,0.135005147083755,0.134220080395372,0.133439578891495,0.132663616060674,0.131892165518828,0.131125201028735,0.130362696504134,0.129604626010063,0.128850963762277,0.128101684126447,0.127356761617302,0.126616170897769,0.125879886778113,0.125147884215077,0.124420138311037,0.123696624313146,0.1229773176125,0.122262193743298,0.121551228382007,0.120844397346541
"91",0.15538364451157,0.154582374194633,0.153721727290191,0.15285030506127,0.151980006678092,0.151113728097258,0.15025215792739,0.149395443752096,0.148543600643964,0.147696611311157,0.146854450647449,0.146017091749925,0.145184507393522,0.144356670391831,0.143533553684883,0.142715130359998,0.141901373656232,0.14109225696481,0.140287753828578,0.139487837941212,0.138692483146382,0.137901663436896,0.137115352953857,0.136333525985812,0.135556156967914,0.134783220481088,0.134014691251196,0.133250544148211,0.132490754185399,0.131735296518498
"92",0.168768724869527,0.167915966080433,0.166999915777088,0.16607229093875,0.165145755805427,0.16422339379006,0.163305939070826,0.162393549950476,0.161486243661107,0.160584002968238,0.159686802306914,0.158794614188982,0.157907410773328,0.157025164250195,0.156147846934756,0.155275431289396,0.154407889928525,0.153545195619111,0.152687321280167,0.151834239981982,0.150985924945298,0.150142349540476,0.149303487286657,0.148469311850935,0.147639797047527,0.146814916836955,0.145994645325226,0.14517895676302,0.144367825544879,0.143561226208408
"93",0.183243480411076,0.18233692044692,0.181362968452215,0.180376596327342,0.179391267763621,0.17841026215785,0.177434361408179,0.17646373511369,0.175498402854754,0.174538347546817,0.173583543234647,0.172633961906955,0.171689575166718,0.170750354640098,0.169816272076071,0.168887299370211,0.16796340856989,0.167044571874914,0.166130761637052,0.165221950359294,0.164318110695042,0.163419215447298,0.162525237567839,0.161636150156413,0.160751926459921,0.159872539871617,0.158997963930307,0.15812817231955,0.157263138866868,0.156402837542961
"94",0.198896857294941,0.197934184546108,0.196899832538602,0.19585216713779,0.194805485850641,0.193763272591641,0.192726359138227,0.19169492697169,0.190668998217877,0.189648556043029,0.188633574178314,0.187624024159599,0.186619877102252,0.185621104135747,0.184627676509621,0.183639565618835,0.182656743009365,0.181679180378968,0.180706849576743,0.179739722602422,0.178777771605583,0.177820968884856,0.176869286887126,0.17592269820674,0.174981175584715,0.174044691907959,0.173113220208485,0.172186733662637,0.171265205590317,0.170348609454215
"95",0.21582605822136,0.214804981170199,0.213707751151736,0.21259626572197,0.211485690267882,0.21037972169302,0.209279243805849,0.208184450560783,0.207095366834236,0.206011976152639,0.204934252018886,0.203862165594944,0.202795687585501,0.201734788699348,0.200679439761923,0.19962961174232,0.198585275759298,0.197546403082168,0.19651296513041,0.195484933472985,0.194462279827579,0.193444976059834,0.192432994182568,0.191426306355016,0.190424884882053,0.189428702213441,0.188437730943065,0.187451943808183,0.186471313688674,0.185495813606292
"96",0.234137528831053,0.233055799438085,0.231893258803693,0.230715471158877,0.229538503186995,0.228366273104765,0.227199718875465,0.226039047517957,0.224884286871446,0.22373542094065,0.222592423094567,0.221455264209332,0.220323914665007,0.219198344834796,0.218078525204455,0.216964426401006,0.215856019199191,0.214753274522484,0.213656163442762,0.212564657179651,0.211478727099801,0.210398344716139,0.209323481687122,0.208254109815998,0.207190201050062,0.206131727479923,0.205078661338769,0.204030975001642,0.202988640984712,0.201951631944555
"97",0.253948095343179,0.252803537814292,0.251573330209802,0.250326833929884,0.24908104929454,0.247840123906052,0.246605051953141,0.245376054105037,0.244153161382033,0.24293635839404,0.241725618479999,0.240520912327865,0.239322210088732,0.238129481894908,0.236942697986451,0.235761828741656,0.234586844683971,0.233417716483139,0.232254414954933,0.231096911060536,0.229945175905845,0.228799180740755,0.227658896958447,0.22652429609467,0.225395349827034,0.2242720299743,0.223154308495678,0.222042157490128,0.220935549195663,0.219834455988652
"98",0.275386281452113,0.274176827621778,0.272876710919945,0.271559213770513,0.27024230086782,0.268930356891757,0.267624434242792,0.266324767813777,0.26503139202903,0.263744292239387,0.262463441867385,0.261188811520497,0.259920371226583,0.258658090981823,0.257401940884621,0.256151891167929,0.25490791220664,0.253669974518878,0.252438048765783,0.251212105750942,0.249992116419718,0.248778051858575,0.247569883294393,0.246367582093785,0.245171119762419,0.243980467944346,0.24279559842132,0.241616483112141,0.240443094071976,0.239275403491709
"99",0.298593838650154,0.297317571520474,0.295945464575333,0.294554835834392,0.293164642853649,0.291779514543833,0.290400563380644,0.289028039032026,0.287661979552016,0.2863023711768,0.284949187536289,0.283602399275635,0.282261976415733,0.280927888931935,0.27960010689556,0.278278600508106,0.276963340109148,0.275654296177765,0.274351439332402,0.27305474033033,0.271764170067023,0.270479699575515,0.269201300025747,0.267928942723923,0.266662599111868,0.265402240766382,0.264147839398606,0.262899366853386,0.26165679510864,0.260420096274733
"100",0.323727531876635,0.322382739238283,0.320936779494517,0.319471108297702,0.318005701504728,0.316545438676228,0.315091494056175,0.313644132605916,0.312203396235155,0.310769272218241,0.30934173452659,0.307920753972022,0.306506300695661,0.305098344778283,0.303696856389627,0.302301805824564,0.300913163511495,0.299530900013947,0.298154986030487,0.296785392394238,0.295422090072292,0.294065050165103,0.292714243905876,0.291369642659958,0.290031217924231,0.288698941326508,0.287372784624931,0.286052719707373,0.284738718590842,0.283430753420888
"101",0.350961232187041,0.349546472739911,0.348025087305208,0.346482754661742,0.344940490374821,0.343403430098761,0.341872811309474,0.340348914732629,0.338831786356541,0.337321414654358,0.33581777408359,0.334320835762803,0.332830570091798,0.331346947394298,0.329869938075252,0.328399512658996,0.326935641798183,0.325478296275528,0.3240274470038,0.32258306502538,0.321145121511722,0.319713587762781,0.318288435206444,0.316869635397962,0.31545716001938,0.314050980878974,0.312651069910686,0.311257399173566,0.309869940851212,0.308488667251218
"102",0.38048838062297,0.379002565643932,0.377404559112591,0.375784326937398,0.374163940553134,0.372548795878191,0.370940194781662,0.369338434159258,0.367743564293618,0.366155575024235,0.364574441449687,0.363000135146587,0.361432626923286,0.359871887495463,0.358317887651555,0.35677059829296,0.355229990443493,0.3536960352513,0.352168703988921,0.350647968052898,0.349133798963277,0.347626168363084,0.346125048017793,0.344630409814804,0.343142225762911,0.341660467991779,0.340185108751423,0.33871612041169,0.337253475461736,0.335797146509519
"103",0.412524903502374,0.410967397918039,0.40929206111027,0.407593182510803,0.405893898835184,0.404199868793653,0.402512459416602,0.400831984088014,0.399158497587827,0.397491991294997,0.395832441114178,0.394179819242478,0.392534097058097,0.390895245829169,0.389263236887422,0.387638041670439,0.386019631731652,0.384407978742427,0.382803054492198,0.38120483088813,0.379613279954665,0.378028373833039,0.376450084780802,0.374878385171328,0.373313247493336,0.371754644350403,0.370202548460491,0.368656932655462,0.367117769880611,0.365585033194184
"104",0.447312680106975,0.44568342787957,0.44393067279663,0.442153029011067,0.440374699315996,0.438601605640233,0.436835180437578,0.435075753783062,0.433323385137075,0.431578067594744,0.429839778041159,0.428108489467146,0.426384173993181,0.424666803611594,0.422956350368481,0.421252786408032,0.419556083983073,0.417866215457314,0.416183153305563,0.41450687011344,0.412837338576969,0.411174531502147,0.409518421804499,0.40786898250864,0.406226186747836,0.404590007763564,0.402960418905079,0.401337393628978,0.399720905498769,0.398110928184438
"105",0.485123690825434,0.483423370929896,0.48159389870741,0.479738169603002,0.477881442350237,0.476029899851479,0.474185039599222,0.472347208411714,0.470516470583953,0.468692821104782,0.466876238022253,0.465066695304113,0.463264165995999,0.461468622996772,0.459680039248626,0.457898387783473,0.456123641734025,0.454355774336218,0.452594758929492,0.450840568956568,0.449093177963083,0.447352559597206,0.44561868760924,0.443891535851227,0.442171078276555,0.440457288939566,0.438750141995161,0.437049611698416,0.435355672404187,0.43366829856673
"106",0.526265009444862,0.524495230515914,0.522590741106633,0.520658618136103,0.518725152313161,0.516796781884217,0.514875068172699,0.512960374597354,0.511052770401132,0.509152252641141,0.507258800717229,0.505372389765903,0.503492993950082,0.501620587266912,0.499755143745916,0.497896637497397,0.496045042724056,0.494200333723577,0.492362484888993,0.490531470708506,0.488707265765179,0.486889844736593,0.485079182394498,0.483275253604463,0.481478033325528,0.479687496609857,0.477903618602388,0.476126374540495,0.474355739753636,0.472591689663018
"107",0.571084850594127,0.569248394708025,0.567271849608768,0.565266302760647,0.563259035430295,0.561256731300968,0.559261013274938,0.557272260977909,0.555290548658066,0.553315875607105,0.551348222769074,0.549387566647585,0.54743388272225,0.545487146287774,0.543547332659872,0.541614417225614,0.53968837545556,0.537769182906513,0.53585681522195,0.533951248131906,0.532052457452706,0.530160419086673,0.528275109021823,0.526396503331559,0.524524578174372,0.522659309793535,0.520800674516802,0.518948648756111,0.517103209007278,0.515264331849704
"108",0.619979946759891,0.61808107600499,0.616037028797585,0.613962642605948,0.611886125827678,0.609814392273977,0.607749122850626,0.605690712675021,0.603639240982114,0.601594709449238,0.599557100756678,0.597526392976866,0.595502563109854,0.593485587951844,0.591475444308398,0.589472109046625,0.587475559107808,0.585485771510301,0.583502723350046,0.581526391800498,0.579556754112412,0.577593787613591,0.575637469708628,0.573687777878645,0.571744689681039,0.569808182749217,0.567878234792345,0.565954823595085,0.564037927017347,0.562127522994025
"109",0.673404615175068,0.671449458969984,0.669344473111275,0.667207871558402,0.665068698647371,0.662934076185868,0.660805737831459,0.658684093066046,0.656569225991731,0.654461140797799,0.652359822086958,0.650265249701032,0.648177402364379,0.64609625857913,0.64402179684504,0.641953995713345,0.639892833799837,0.637838289787908,0.635790342429131,0.63374897054324,0.631714153017957,0.629685868808788,0.627664096938804,0.625648816498431,0.62364000664523,0.621637646603679,0.619641715664966,0.617652193186766,0.615669058593035,0.61369229137379
"110",0.731881992450781,0.729879039439642,0.727722219101018,0.725532605755365,0.72333995340957,0.721151561108362,0.718969207883641,0.716793315927519,0.714623973955604,0.712461188758187,0.710304947033196,0.708155230585029,0.706012020060396,0.703875295866471,0.701745038396451,0.699621228084861,0.697503845421012,0.695392870952176,0.69328828528423,0.691190069081681,0.689098203067538,0.687012668023148,0.684933444788021,0.682860514259656,0.680793857393365,0.678733455202097,0.676679288756265,0.674631339183575,0.672589587668844,0.670554015453838
"111",0.796018077682946,0.793978804134947,0.791782472676123,0.78955232139463,0.787318643290155,0.785088872949613,0.782864824701141,0.780646931117809,0.778435285098546,0.776229896069874,0.774030752974241,0.771837839755889,0.769651139168012,0.767470633708658,0.765296305850722,0.763128138098375,0.76096611300084,0.758810213155671,0.756660421209448,0.754516719857853,0.752379091845571,0.750247519966172,0.748121987061975,0.746002476023903,0.743888969791356,0.741781451352065,0.739679903741959,0.737584310045031,0.735494653393195,0.733410916966157
"112",0.866519453234625,0.864459131183537,0.862239704118342,0.859985648204172,0.857727568342058,0.85547297906239,0.853223716470521,0.850980220325587,0.848742587047965,0.846510828660133,0.844284936461461,0.842064896686055,0.839850694353026,0.8376423142132,0.835439740981842,0.833242959395803,0.831051954227493,0.828866710288239,0.826687212429029,0.824513445540617,0.822345394553471,0.820183044437678,0.818026380202848,0.815875386898005,0.813730049611488,0.811590353470845,0.809456283642733,0.80732782533281,0.805204963785639,0.80308768428458
"113",0.94421587734256,0.942154621707616,0.939933738399242,0.937677723904288,0.935417195972541,0.933159675728085,0.930907003133637,0.928659620826438,0.926417627783176,0.924181038478352,0.921949846626324,0.919724040859096,0.917503608582345,0.915288536923777,0.913078812966324,0.910874423805453,0.908675356563193,0.906481598391536,0.904293136473216,0.902109958021841,0.899932050281872,0.897759400528561,0.89559199606788,0.893429824236446,0.891272872401449,0.889121127960578,0.886974578341946,0.884833211004018,0.882697013435538,0.880565973155454
"114",1.03008941183455,1.02805354875363,1.0258595520523,1.02363034650431,1.02139617138409,1.01916445828066,1.01693702743868,1.01471431862937,1.01249643202429,1.01028338426613,1.00807517146578,1.00587178470049,1.00367321382655,1.00147944841726,0.999290477993633,0.997106292081121,0.994926880223524,0.99275223198638,0.990582336957758,0.988417184748419,0.986256764991812,0.984101067344044,0.981950081483828,0.979803797112437,0.977662203953655,0.975525291753724,0.973393050281303,0.971265469327409,0.969142538705377,0.967024248250805
"115",1.12531243675622,1.12333630891697,1.12120619842559,1.11904138365082,1.1168712150098,1.11470290901517,1.11253823530771,1.11037762318742,1.10822117214186,1.10606890051218,1.10392080668341,1.10177688414179,1.09963712517998,1.09750152180877,1.09537006598143,1.0932427496489,1.09111956477331,1.08900050333132,1.08688555731491,1.08477471873153,1.08266797960416,1.08056533197125,1.07846676788671,1.0763722794199,1.07428185865555,1.0721954976938,1.07011318865011,1.06803492365526,1.0659606948553,1.06389049441154
"116",1.23129793257216,1.22942630717327,1.2274083460369,1.22535697935638,1.22330000353986,1.221244256224,1.21919141604443,1.2171418918002,1.21509577974108,1.21305309919377,1.2110138505585,1.20897802958436,1.20694563088288,1.2049166487929,1.20289107759346,1.2008689115561,1.19885014495783,1.19683477208423,1.19482278723023,1.19281418470028,1.19080895880842,1.18880710387821,1.18680861424277,1.18481348424474,1.18282170823628,1.18083328057903,1.17884819564412,1.17686644781214,1.17488803147312,1.17291294102654
"117",1.34976697906726,1.34805829954339,1.34621553681589,1.34434174921679,1.3424623110236,1.34058346699856,1.33870675188346,1.33683254076871,1.33496092323266,1.33309191856223,1.33122552874187,1.32936175149994,1.32750058352073,1.32564202123538,1.32378606101652,1.32193269922626,1.32008193222792,1.31823375638899,1.3163881680818,1.3145451636837,1.31270473957711,1.3108668921495,1.30903161779341,1.3071989129064,1.3053687738911,1.30354119715519,1.30171617911134,1.29989371617727,1.2980738047757,1.29625644133439
"118",1.48284086477151,1.48137170426529,1.47978680213219,1.47817473267647,1.47655731097977,1.47493990839013,1.47332384632123,1.47170944875131,1.47009679400855,1.46848589992328,1.46687676942786,1.46526940178713,1.46366379536428,1.46205994830204,1.46045785869043,1.45885752460807,1.4572589441324,1.45566211534212,1.45406703631784,1.45247370514222,1.45088211990003,1.4492922786781,1.44770417956539,1.44611782065293,1.44453320003386,1.44295031580339,1.44136916605884,1.43978974889959,1.43821206242713,1.436636104745
"119",1.63316910693902,1.63204036674336,1.63082232369314,1.62958299682078,1.62833914424413,1.62709489409267,1.62585126284715,1.62460850038468,1.62336666771862,1.62212577933335,1.62088583825063,1.61964684466862,1.61840879809027,1.61717169784768,1.61593554323126,1.61470033352158,1.61346606799721,1.61223274593661,1.61100036661866,1.60976892932275,1.60853843332881,1.6073088779173,1.60608026236927,1.60485258596628,1.60362584799045,1.60240004772447,1.60117518445154,1.59995125745545,1.5987282660205,1.59750620943157
"120",1.80411110045596,1.80345679834441,1.80275048828142,1.80203157889353,1.80130978287269,1.80058749388605,1.79986530177644,1.79914335182551,1.79842167975099,1.79770029426812,1.79697919743734,1.79625838967898,1.79553787100922,1.79481764134468,1.79409770057745,1.79337804859361,1.79265868527784,1.79193961051444,1.79122082418772,1.79050232618197,1.78978411638155,1.78906619467085,1.78834856093431,1.78763121505642,1.78691415692172,1.78619738641478,1.78548090342023,1.78476470782274,1.78404879950703,1.78333317835787
