"x","X1977","X1978","X1979","X1980","X1981","X1982","X1983","X1984","X1985","X1986","X1987","X1988","X1989","X1990","X1991","X1992","X1993","X1994","X1995","X1996","X1997","X1998","X1999","X2000","X2001","X2002","X2003","X2004","X2005","X2006","X2007","X2008","X2009","X2010","X2011","X2012","X2013","X2014","X2015","X2016","X2017","X2018","X2019","X2020"
0,0.12771,0.11457,0.109832845413696,0.10701,0.10136,0.0898,0.08517,0.0861943720424337,0.08,0.0726277637750006,0.06676,0.064124190773715,0.0619,0.0597851954330123,0.0577,0.0558241303030195,0.0576,0.0568,0.0579,0.0569,0.0553650555409769,0.0387,0.0402,0.0384,0.0389,0.0361,0.0346,0.03218,0.03244,0.02837,0.027635,0.0269,0.0266,0.0252,0.02463,0.0239,0.0236,0.0235,0.0237,0.0237,0.0226,0.0225,0.0227,0.021
1,0.0218713884373317,0.0164761614582743,0.0193402393746091,0.0213081204004237,0.0200204187883911,0.0184759042627991,0.00736639992004549,0.0070720708919514,0.00579799471739139,0.00488404207403373,0.00415693131455973,0.00364895328291608,0.00305384136019594,0.00301228842240274,0.00269482011052692,0.00251552292608887,0.00272386405454485,0.00311231958044446,0.00304870735907602,0.00257362400593798,0.00270093764934108,0.00233077047341911,0.00220844698753439,0.00213337758149481,0.00177307332947055,0.00179660563000954,0.00191698049736402,0.00186301273899357,0.00178772603249396,0.00149032028652868,0.00148540271389319,0.00148049303550149,0.00139180026644234,0.00121119073250527,0.00122871632777421,0.00100112355114974,0.00115600290922406,0.0011828927903965,0.00113161230723523,0.00101995239789759,0.000997054476180116,0.00108126190070076,0.000911709009269048,0.000812581499832608
2,0.016285799941866,0.0127066599638922,0.0143140102711397,0.0154444628213268,0.0145151477998492,0.0133747902835081,0.00593892701762595,0.00591456423162706,0.00486649655173378,0.00397001169176286,0.00337670684471946,0.00296963077391901,0.00254245956719178,0.00251710611771584,0.0022771693702662,0.00214339443167426,0.00230520306091124,0.00247489097958105,0.00244147529863878,0.00216254181807873,0.00225424492269964,0.00196144262663659,0.00183266608248873,0.00180227572478237,0.00154751218088471,0.00152480684628138,0.00154212900636576,0.00147881090205012,0.00142013243499248,0.00125573037853094,0.00123279805002243,0.00120986666410689,0.00115962216617274,0.00104317309368694,0.00102299981205695,0.000930499287310727,0.000989470976676929,0.000966584479935364,0.000916834372350106,0.000861575753666681,0.000807732776347872,0.000868113435760776,0.000778803055099783,0.00067464402824808
3,0.0118110462569329,0.00970255697268727,0.0103014917366279,0.0107594048392273,0.0101233556690088,0.00932062331231492,0.00482232312711397,0.00495526375071016,0.00408679399447612,0.00324864893250706,0.00275833933645199,0.00243103764572696,0.00212986426788324,0.00210425434705893,0.0019210346918045,0.00181834583850956,0.0019471480599311,0.00197333459503056,0.0019641719452702,0.00181631178693767,0.00187697449636803,0.00164600047894579,0.00151767313373046,0.00151379941185356,0.00133962154371972,0.00129269197456726,0.00124284076572168,0.00117031080587483,0.00112854380816402,0.00105591787221952,0.00102459458712946,0.000993269640390702,0.000960903865433642,0.00089202402714946,0.000849853402424845,0.000837882321003443,0.000842889730911787,0.000794450919750453,0.000744780345193799,0.000721490324289423,0.000657238025612524,0.000695239988714964,0.000658819179704002,0.000556565591952849
4,0.00837151532062807,0.00739223417625111,0.00722412994421386,0.00717347353010863,0.0067634944281664,0.00622856465616236,0.00397161842831582,0.00417391255268208,0.0034470877535308,0.00269483893491545,0.00228174240938833,0.00201593928840232,0.00180533604661846,0.00176754252702065,0.00162368382711575,0.00154057584949034,0.00164637945491342,0.00158804099386416,0.00159813854211599,0.00153021562121179,0.00156412674303727,0.00138160374466564,0.00125837029674192,0.00126723752164943,0.00115234332553239,0.00109798354012538,0.00101004325861999,0.000928712633136277,0.000903315294116458,0.000889028877214025,0.000856446844455455,0.000823863464459256,0.000794525187901557,0.000759271926526114,0.000707476796331472,0.000735078005831025,0.000716727375055796,0.000660865578843486,0.000611040555675678,0.000600779658162171,0.000541297330930472,0.000559155432622723,0.000553792103023925,0.00045852100707244
5,0.00585084750626181,0.00568787704995626,0.00497183716961955,0.00456258390469997,0.00431562272199879,0.00398184286339837,0.00334232204761383,0.00354960909118936,0.0029346436454608,0.00228386767488469,0.00192714127132251,0.00170740236084386,0.00155821914786002,0.00150044781286306,0.00138187544838755,0.00130954999629116,0.00139930562474725,0.00130061315289385,0.00132585532717287,0.00129948776055578,0.00131059489062704,0.00116516514947224,0.00104967734908335,0.00106144070364344,0.000987994264819064,0.00093824580118695,0.000835006424187255,0.0007455186548584,0.000735233870129911,0.000753056417255853,0.000724111051824979,0.000695165665830789,0.000659105069108097,0.000645992260873305,0.000593917337456172,0.000632273441478738,0.000611132139438823,0.000560522330276374,0.000511318493853303,0.000500134109610571,0.000455784288143497,0.000456357252720673,0.000465266572223947,0.000380381776594802
6,0.00411031140768606,0.00449425199955702,0.00341810466359622,0.00277846488012249,0.00263953315385038,0.00244763167785148,0.00289197244636767,0.00306156292041504,0.00253629374430942,0.00199210972853009,0.00167559697744804,0.00148921708404875,0.00137819763133541,0.0012963306081787,0.00119201914622868,0.00112412854923666,0.00120223922413656,0.00109429605774013,0.001131354334756,0.00111953392271444,0.00111136282912573,0.000993499814696886,0.00088667873882374,0.000894926000829213,0.00084834784619381,0.00081098632616289,0.000709507669111204,0.000612678564788678,0.000615666726562507,0.000645929838908053,0.000623544686310634,0.000601160557602963,0.000553083976181395,0.000552871236691539,0.000507153151344414,0.000538106162334415,0.00052600247251762,0.000488532039902966,0.000441534142322866,0.000419919489461597,0.000396810190001981,0.000383415353332178,0.000394364049835062,0.00032178523974239
7,0.00300432403587696,0.00371587512514379,0.00243254728857999,0.00166576132169915,0.00158981665160305,0.00149006585272807,0.00258137416271244,0.00268979307654959,0.00223886161674764,0.0017975321292309,0.00150936841009762,0.00134617723805419,0.00125546163665916,0.00114857241312736,0.00105027179293051,0.000982637202240999,0.0010514900668922,0.000954206403564123,0.00100043080477153,0.000986011541453155,0.000961606206432073,0.00086339844964963,0.00076470673758875,0.000765937966518648,0.000734663890233708,0.000713708981592412,0.000625921994569824,0.000522682498457347,0.000536651181819409,0.000565553158699297,0.000550953552290788,0.000536355267431425,0.000474756290084985,0.000480226008742794,0.00044512034143329,0.000459648835254062,0.000461006448600993,0.000440457643414973,0.000397850298125791,0.000360188130469524,0.0003607457450751,0.000336997245780236,0.000341788020962415,0.000282140099043525
8,0.00239016075384908,0.00326086505087643,0.00188858315001315,0.00107294962171934,0.00102534950454386,0.000978278974286725,0.00237478749826525,0.00241498831206189,0.00202894984310731,0.00167961282971069,0.00141180459336279,0.00126395835319139,0.00118054648954386,0.00105041031722923,0.000952367967011849,0.000882695063408899,0.000943195282778313,0.00086725546903187,0.00092055179966885,0.000894673316198572,0.000856542189795959,0.000771482348971333,0.000679218295116661,0.000672311040765813,0.000647548284796249,0.000643791368636726,0.000577131075420786,0.000468484240149714,0.000490817335386326,0.00050970400594692,0.000502698530272473,0.000495694068498178,0.000422180372487136,0.000427912028594063,0.000405630664043533,0.000402303256164008,0.000415494571080664,0.000412240147578759,0.000376601868351504,0.000320605127184624,0.000344156606125292,0.000313804392200685,0.000307753348260816,0.000260567998931689
9,0.00213645078785739,0.00304549052045441,0.00167028055805773,0.000861143827961991,0.000817065504013142,0.000793081878666692,0.00224112684744055,0.0022195432222285,0.00189377110717973,0.00162007221752155,0.00136795353965677,0.00122964428345729,0.00114477137412305,0.000995345477992369,0.000893978308461533,0.000821544096981792,0.000873683924087708,0.000822589647627521,0.000881296432795569,0.000841734423397678,0.000791789463669701,0.000714510461348516,0.000626076269538136,0.000611734504645657,0.000587183410788233,0.000598718560651912,0.000556771583651725,0.000443724650647155,0.000471608042719447,0.000476227586229683,0.000475488422150804,0.000474749748020281,0.000393354937638248,0.000395481901147404,0.00038653454278548,0.000369953054764964,0.00038865559538797,0.000400358190450477,0.000374454795012422,0.000300585660151037,0.000343944326731384,0.000310715692115834,0.000292115440673856,0.000256020322933496
10,0.00238183708873124,0.00318005042260306,0.00189883752394545,0.0011585832746118,0.0010855823030646,0.00104494037700702,0.00223059657626963,0.00215814877047835,0.00187819511484912,0.00165237465360768,0.00140645654099789,0.00126830977392897,0.00117006267670468,0.00100631546000295,0.00089641289521628,0.000819751966680338,0.000865414438854116,0.000843288558307868,0.000905216395833841,0.000848524336520793,0.000789430068591841,0.000711619157762111,0.000622929755711348,0.000601966103789184,0.000569484639028464,0.000593049845381062,0.000578383178799439,0.000461530728999568,0.00049133483370818,0.000477164825819539,0.00048072028795523,0.000484275919000032,0.00039951396684533,0.000393334271164098,0.000397475528288978,0.000373176924377588,0.00039023904159015,0.000413429026337788,0.000399546929928555,0.000308833490052585,0.000367165822973841,0.00033549080264934,0.000302773350799289,0.000275001108193517
11,0.00237252883703457,0.00312720446018618,0.00191283554229019,0.0012185973990976,0.0011335297203265,0.00109310704434705,0.00212426736303036,0.00203433584728357,0.00182289851017152,0.00163462691295965,0.00140718271561503,0.0012749358541077,0.00117169014063325,0.00100146811077805,0.000888270970602431,0.000812016017387242,0.000847508046487857,0.000840690082323441,0.000905928931120055,0.000847834052718175,0.000778030209084663,0.000701880592316326,0.000610819331324379,0.000587758088927677,0.000551531430781843,0.00058022905736287,0.000587333358249066,0.000468148273325024,0.000498191265344589,0.000473627406716666,0.000478416013704528,0.000483204577739726,0.000403866199673001,0.00039125799699708,0.000405688450529171,0.000391079180574301,0.000391055203758429,0.000418732468132079,0.000420098303295285,0.000319301962790505,0.000385726501239304,0.000357442857145592,0.000316824233316054,0.000295881264276692
12,0.0024225189602068,0.00312019381753239,0.00198777812752036,0.00134618866664189,0.00124652419957034,0.00119990100743407,0.00202438996057151,0.00194539812094092,0.00180556226312663,0.00163222767666234,0.00142538785075881,0.00129766838370947,0.00118961724099964,0.00102040035806217,0.000904935963749276,0.00083123966782189,0.000857147272118741,0.000859966060080045,0.000927346785118775,0.000875555325213144,0.000794909243758052,0.00071700802296236,0.000620046081772174,0.000597758361596456,0.000557301186960501,0.000584401234184119,0.000609276981943478,0.000488506267657316,0.000516121492076607,0.000485597960904285,0.000488596565177888,0.000491595077382619,0.000424880261496535,0.000405198610725322,0.000427390644240075,0.000435713197362754,0.000406448341877119,0.000432373664171629,0.00045096770054369,0.000345366807988294,0.000412681074285805,0.000390508404725189,0.000345988288908282,0.00032899181606145
13,0.00249790670927626,0.00313912987333421,0.00209370905812209,0.00150521873877028,0.00139110549888615,0.00133462749039527,0.00192792262080459,0.0018886469072252,0.00182196331960269,0.00164123149618539,0.00145730870049776,0.00133296115152555,0.00122116280932187,0.00106050317775932,0.000944252176401204,0.000875354664945757,0.000893872676347341,0.000902467465697914,0.000970617227468407,0.000932028221270384,0.000839801546135926,0.000756396143326559,0.000650155085933231,0.000630980367322186,0.000586679919291305,0.00060502740330788,0.000642731480151358,0.000520883981169923,0.000543609104204259,0.000512468263972387,0.000510682750074887,0.000508897134409851,0.000461534667624705,0.000434459406259091,0.000461636843929238,0.000505443170209008,0.000435879929149877,0.000454028347222523,0.000491528884024859,0.000386662485646449,0.000447531274013824,0.000417383508218209,0.000389774298738765,0.000373647920435624
14,0.00257308118347778,0.00316846526877943,0.00220784560519477,0.00166897758113818,0.00154247511295078,0.00147464396217137,0.00183382739135564,0.00186043963745608,0.00186619218694998,0.00165795700845185,0.0014991507480289,0.00137713050493351,0.00126311341695339,0.00111815004513311,0.00100284997929772,0.000940842758912639,0.000956259848600442,0.000970454726725684,0.00103769423090423,0.00101694814200048,0.00091169734093939,0.000818579655996267,0.000700150996011883,0.000685385115605812,0.000638370244882273,0.000640897763762053,0.000686122263784566,0.00056343096114468,0.000579159094335794,0.000553045575593858,0.000543787876804578,0.000534530112459192,0.000512139041582922,0.000477513303372256,0.000506973572654398,0.000596689630770425,0.000478140938783886,0.000483373405964127,0.000539970745587883,0.000441126762443057,0.000488656805956828,0.000486992185650594,0.000445930424316385,0.00042762751737523
15,0.00248622026255122,0.00312907912910167,0.00216923752080248,0.00160641950443884,0.00148539038197952,0.00141822495404683,0.00166780600395154,0.00189843740060584,0.00202274158217766,0.00169236657380606,0.00157065271275131,0.00145280435260705,0.00135356362724906,0.00124090507558201,0.00113365444932608,0.00109311295669546,0.00105834681188168,0.000947336290269092,0.00102029064782115,0.0011095382622773,0.00100937575435138,0.000919174497582235,0.000766775368108878,0.000794739399527422,0.000741785151183672,0.000713627591447052,0.00074218866908608,0.00062273291165166,0.000623482512222432,0.000623800045746649,0.000592680358781268,0.000561561400084152,0.000599108487023072,0.000564385007349324,0.000581353854762994,0.000790937775702525,0.000553604381512851,0.000506839306959393,0.000597263862345106,0.000524865588474876,0.000536621114121626,0.000563259764964173,0.000538525650802767,0.000511407071472789
16,0.00256100717180543,0.00317061360007559,0.00230394310833146,0.0018014938560926,0.001670497311082,0.0015894351443529,0.00160608855950932,0.0018999151010929,0.00207050999016588,0.00171055015909056,0.00162273051419214,0.00149516885811823,0.00139195299331483,0.00130295687072643,0.00119851382683893,0.0011637753952684,0.0011589827119949,0.00111284781736242,0.0011775605331305,0.00125385012615278,0.00112912868116622,0.00101370998768238,0.00085192555023268,0.000870065384629296,0.000819852765562001,0.000766581511912518,0.000799031278366196,0.000676962068571705,0.000670099797929596,0.000680364691411744,0.000642133287473993,0.000603904970322933,0.000662382433219092,0.000617338147111645,0.000636460479247103,0.000880437385220621,0.000608491452223573,0.00055460543731295,0.000657161784791251,0.000593762811555274,0.000587019737665886,0.000622047029030652,0.000604208740811158,0.000570964800582924
17,0.00264660219991286,0.00322029337664337,0.00245936525259213,0.00203254703504982,0.001890967219016,0.00179423635503839,0.00157509979352628,0.00190251367472744,0.00209463174655488,0.00172361825872076,0.00165755005296327,0.00152778302970858,0.00141722813808896,0.00135224186532773,0.00125060116696201,0.00121862817645858,0.00127104944641572,0.00134659495968053,0.00139764018282496,0.00142689887944892,0.00126828086209479,0.00111693518975425,0.000951183119727406,0.000944790659161229,0.000901154703724472,0.000821164274108714,0.000859416403311338,0.000732858873804442,0.000719871198546209,0.000738923648186466,0.000696589252657348,0.000654261117555146,0.000724237866479508,0.000666309948678762,0.000690194435092131,0.000946942710486856,0.000662915456130141,0.000612458478074682,0.000719850186774448,0.000662892482344217,0.000639726974485071,0.000671085637916997,0.000666287143945781,0.000626277031317992
18,0.00273738663410493,0.00327409359916642,0.00262774881045322,0.00228987709517629,0.0021373031438828,0.00202398572198167,0.00157451163528043,0.00190297668518558,0.00209144393601211,0.00173030823552127,0.00167500286266615,0.00154902836796619,0.00142817631573183,0.00138620366415513,0.00128736470431946,0.00125530421245657,0.00139088830348224,0.00164268787484327,0.00167477684112476,0.00162385161129867,0.00142290962638716,0.0012257250020422,0.00106122247735229,0.00101633282649514,0.000982837003296149,0.00087582566279168,0.000921838923781176,0.000788907752968683,0.000771606458035717,0.000797765455803656,0.00075452625813301,0.00071129640271839,0.000782776217253781,0.000709683060882289,0.00074105266532769,0.000987715432548506,0.000715204863073047,0.000678753444661078,0.000783941381858501,0.000730158804558029,0.000693736821938432,0.000710358983375103,0.00072303846914956,0.000676163897909523
19,0.00282909427344888,0.00332918264104502,0.00280138377687814,0.00256257787445996,0.0023987527502893,0.00226876728914658,0.00160221468686573,0.00189926035589889,0.00206027240450628,0.00173032573651334,0.00167497456534889,0.0015584965915165,0.00142517601848033,0.00140389785524564,0.00130793290303928,0.00127352942503989,0.00151468843295321,0.00199017725907407,0.00199847441920976,0.00183821855659048,0.00158836419487919,0.00133698664083958,0.00117808262257496,0.00108290658154896,0.00106245993666344,0.00092952689957565,0.000984921341004503,0.0008438930576436,0.000824246299223785,0.000855509829658041,0.000814412581361766,0.000773326574576634,0.000836672458801189,0.000746637987558795,0.000788023330609231,0.00100243896098874,0.000764134548010978,0.000751175589065063,0.000846958388589011,0.000792662355635006,0.000746985312660508,0.000739845816954278,0.000772287385503165,0.000719024758958675
20,0.00289325185645904,0.0033464263578453,0.00304250933920825,0.00299579835941855,0.00281513515594888,0.00265658866479989,0.00173041823728703,0.00186950888017859,0.00193553038989506,0.00169959790257496,0.00168045050148279,0.00152962816951201,0.00135625298785086,0.00136624263570119,0.00126902986348884,0.00120971942462183,0.00166395118147299,0.00260525693797599,0.00257231879835057,0.00214654506872898,0.00179724368136795,0.00145447786271922,0.00134042332291089,0.00112561220396301,0.00113853253513985,0.000974476429103316,0.00104992668090222,0.000893300956111896,0.000877929103890793,0.000907537458127637,0.000884031523293739,0.0008605321368323,0.000870070196772394,0.000754855672311078,0.000820002393899126,0.000921695842254308,0.000797865347583027,0.000866088021178848,0.000926916562851918,0.000865041735029308,0.000812253111214766,0.000775942388014271,0.000808836275540438,0.000742700976526961
21,0.00298712316072032,0.003411631886,0.00318279316429014,0.00321459349471484,0.00302400624775574,0.00285482529738999,0.00177836831888687,0.00185378739840777,0.0018789144649423,0.00168683594033449,0.00169769812107701,0.00152744320306782,0.00134915907373421,0.00136704793266932,0.00127465318388299,0.00121837152859229,0.00177595077567993,0.00293283026169162,0.00287303610291183,0.00234414306305601,0.00195601980083757,0.00157946863500437,0.00144344443109383,0.00118548912162574,0.00120821034372761,0.00102392514455644,0.00110994701302391,0.000944798413191248,0.000932596188620664,0.000961348651381515,0.000940364478617296,0.000919384317578752,0.000923382982609944,0.000786450479600055,0.000861326663414664,0.000914722292015237,0.000847095436542793,0.000929254271190301,0.000976530800755302,0.000907623719577311,0.000855808227151772,0.000818710271489247,0.000842581555639978,0.000775153721836391
22,0.00308397057401831,0.00348666211660194,0.00328735499706011,0.00336792809270725,0.00316877088126658,0.00299460165182398,0.00181810406754171,0.00184968838244753,0.00182802139977919,0.00168918034757734,0.00170673705095845,0.00152661438567983,0.00135268612618936,0.00136869770801168,0.00128291357472723,0.00123713032561279,0.00187300039741646,0.00318844623151655,0.00310366987349823,0.0025077906072285,0.00209745980403793,0.00167501044555009,0.00152648941929832,0.00124440853023342,0.0012708555311807,0.00107784202482382,0.001166616990512,0.000994302578608415,0.000982118931678453,0.00101281906807021,0.000991614324029265,0.000970411189941271,0.000969282059472687,0.000819643197932199,0.000901375904135632,0.000913646673931283,0.000888948579396597,0.000977556522714187,0.00101404985595198,0.000935706872393844,0.000890466722184211,0.000851747104175107,0.000868700523977885,0.000804300819631651
23,0.0031826068480332,0.00356999901226367,0.00335536110635947,0.00345487641979196,0.00324797458561123,0.00307407385638803,0.00184785101230982,0.00185729874738156,0.00178776966900502,0.00170673366237439,0.00170751155041942,0.00152896287429521,0.00136832689030297,0.00137287215252284,0.00129539673877905,0.00126772846846142,0.00195313057858195,0.00336254393896976,0.00325517345005518,0.00263234392750147,0.00221758527188999,0.00174094626958289,0.00158725447174103,0.00130202197446855,0.00132573967546493,0.00113625359833879,0.00121931657942087,0.00104144364786916,0.00102648549584574,0.00106154226420093,0.00103713114940694,0.00101271995996246,0.00100774647764445,0.000854603646074738,0.000940060627215235,0.000920852758315529,0.000923405177406491,0.0010098871519251,0.00103954314085186,0.000949773542157918,0.000916280995273945,0.000875024518876973,0.000887735887375156,0.000830634363120465
24,0.00328196358707655,0.00365946027684097,0.00338962853708887,0.00348126772294102,0.00326657680139642,0.00309714266579491,0.00186790096471844,0.00187670560785995,0.00176272080025569,0.00173959968088659,0.00169996502913747,0.00153616778225554,0.00139645838590413,0.00138089058490883,0.00131317415587566,0.00131072030852615,0.00201549430587502,0.00345185211238999,0.00332448326137184,0.00271517241867077,0.00231354983350232,0.00177709175159833,0.00162496385463801,0.00135788471114458,0.00137258092013522,0.00119918890703373,0.00126768086551958,0.00108597297773684,0.00106568149434866,0.00110726597437811,0.00107672528496997,0.00104618409592207,0.0010387519170913,0.000891181775617976,0.000977253708763827,0.000937569686384396,0.000950442588471093,0.00102644817657903,0.00105298451968298,0.000950338958204448,0.000932950751185739,0.000888511045977516,0.00089955823451741,0.00085362165667451
25,0.00338023230330922,0.00377271746990245,0.0032692930162998,0.00320750803038922,0.00301976250886054,0.00288523332214282,0.00181125812122662,0.00185066451640233,0.00172223881973249,0.00174024619077723,0.00164541676468282,0.00154542430334427,0.00147422623454403,0.00140447132477356,0.00135245811890944,0.00140373752876625,0.00205002783905179,0.0033048731771984,0.00317168536342507,0.00271858985312196,0.00239336437935921,0.00183621349930228,0.00162031922235537,0.00142527917316855,0.00140744837992633,0.00128187125241103,0.00129981560001609,0.00112102575620699,0.0011137661461955,0.00114197012921631,0.00109320065794,0.00105344736911941,0.00107644711202574,0.00093592026910332,0.00101014985098269,0.000995434738292145,0.000987293795869834,0.000996019806803014,0.00103060469072918,0.000906716399059626,0.000924512073579085,0.000905327518604255,0.000903278507655272,0.000885622313802285
26,0.00348441610625606,0.00388419104295032,0.00329746560472994,0.00323326542649535,0.00302295432337619,0.00281806795685023,0.00184197786188863,0.00181660167583652,0.00175027857474725,0.00173070350031376,0.00159615615581112,0.00156810931415696,0.0015124342028266,0.00141005205229637,0.00137095522160265,0.00145692737323758,0.00208198275844184,0.0032868537971257,0.00313475537953866,0.0027316037200296,0.00243416736872213,0.00191580932235258,0.00162182072360521,0.00147176044363134,0.00144039612819892,0.00136197017696789,0.00134932472332687,0.00116720505245245,0.00116555210869328,0.00118905714614525,0.00113012897471024,0.00107735564683207,0.00111932097883833,0.000978731047863612,0.00105055998293603,0.0010213352148388,0.00102927031668167,0.000996803045419964,0.00103368701892087,0.000898465609813664,0.000932269581576618,0.000928767773078547,0.000904689037323595,0.000899076815807519
27,0.00358092018766082,0.00395947136005223,0.00335590692380281,0.00332322101926577,0.0030761570973985,0.00286317211108297,0.00189421089385712,0.00185092251578227,0.00181389867497532,0.00176985273550322,0.00161731847894924,0.00160093047298611,0.00154788522774163,0.00142833563342866,0.00139743069499118,0.00150729402381907,0.00210316368304158,0.00325367358410789,0.00308087722026736,0.00272024978066864,0.00244673944501631,0.00196153757112865,0.00161241211703308,0.00151105011534335,0.00146821817218219,0.00141302201954845,0.00139134648181719,0.00120714435281252,0.00120433652386206,0.00123000092092377,0.00116509273959776,0.00110126305429042,0.00115242159501486,0.00101179119962398,0.00108332587057031,0.00104470704479322,0.00105673713087532,0.000998699070072078,0.00103858270355241,0.00089490978245473,0.000940241437977827,0.000947320802613433,0.000902958355954856,0.000906354459936192
28,0.00366965860773703,0.00399800520711994,0.00345034352304183,0.00348707756393585,0.00319017240197131,0.00302183197414585,0.00196984594217286,0.00195413143251471,0.00191272899394881,0.00185803683271143,0.00170935968531644,0.00164455596702069,0.00158056597386627,0.00145939468802046,0.00143193010633046,0.0015544136651992,0.00211634542225649,0.00321384810388118,0.00301853211945911,0.00268877262041525,0.00243390609620309,0.00197314548684157,0.00159561911421996,0.00154368671818502,0.00149205171455372,0.0014348776143466,0.0014258455573954,0.00124081920148054,0.00123006348575616,0.00126477713565872,0.00119808652968374,0.00112636030401189,0.00117570854918601,0.00103506597418872,0.00110841862932757,0.00106554143424497,0.00106963705377105,0.00100396608263838,0.00104734078961182,0.000898395455780225,0.000949987210351762,0.000960969463054048,0.000900047191237543,0.000908984897620384
29,0.00375053699016268,0.00399920869397497,0.00358385500667572,0.00372882631990369,0.00337156068901779,0.00329542047178078,0.00206937691237094,0.00212676841198897,0.00204424655304439,0.0019956243069463,0.00187276272688903,0.0016992849760137,0.00161046207107006,0.0015033047591321,0.00147450143090057,0.00159860174962793,0.00212497110165899,0.00317485473331853,0.0029554081924621,0.00264222909178151,0.00240023728136795,0.00195036576541471,0.00157555163007431,0.0015708186620623,0.00151329194925602,0.00142737403695848,0.00145278343951796,0.00126820262867561,0.00124267218047048,0.00129335893071087,0.00122910421365355,0.00115371059080738,0.00118913824640609,0.0010485174799941,0.00112580688966692,0.00108382898132073,0.00106790916610729,0.00101454198293197,0.00106063437299298,0.000909634614157385,0.00096185026531552,0.000969695704911765,0.000897148828726239,0.000908083261377632
30,0.00382240304481921,0.0040011902759629,0.00379855852317023,0.0041443783776979,0.00364691462127688,0.00349061701350858,0.00222391797753635,0.00229361018280128,0.00227761556985146,0.00212465635245689,0.00197433348395843,0.00177280057120541,0.00160735841072582,0.00153069906148811,0.00150312531546959,0.00162549539085779,0.00209579021379832,0.00315203233774981,0.00289837815975724,0.00255531095139899,0.00228148264136214,0.00190841429195477,0.00151257960950847,0.00157451296403021,0.00152381116017327,0.0014040474106535,0.00148011541065351,0.00129179956268405,0.00123955484896661,0.00130837255439944,0.00124873948055837,0.00118912286688788,0.0011773146402977,0.001047815240201,0.00113554119039887,0.00108321448595096,0.00104871848595094,0.00103029254773818,0.00108871674210142,0.000945695395502055,0.000988954167154982,0.00096258440708064,0.0008795631062422,0.000884002166567569
31,0.00390094023283592,0.00402848726385532,0.00399631266780101,0.00450186811759395,0.00395839151946995,0.00361158438700521,0.00235751025092025,0.0024154689261433,0.00243615636839494,0.00222173694645825,0.00202903989204534,0.00184682044935229,0.00160619858275126,0.00154971026092163,0.0015265737110913,0.00165587711909117,0.00211954369549982,0.00309802016866996,0.00285347706159403,0.00250644053498069,0.00224809813398861,0.00188926769195902,0.00151397209008121,0.00158872639080238,0.00153552033804946,0.00140030802518856,0.00151271692195983,0.00131977244880771,0.00124525315152705,0.00132766942197943,0.00126984438674318,0.00121203691917709,0.00117208804645402,0.0010537195083849,0.00115050967385557,0.00108434178547363,0.00103926510727366,0.00105653782630829,0.00111132560633797,0.000969649308827085,0.00100403973125592,0.000958765166616421,0.00088881855738147,0.000890927846073578
32,0.00399525677664177,0.00405479809949729,0.00421535522050991,0.00488913410489966,0.00432487710589664,0.00385618140672815,0.0024998165506107,0.00254852698697243,0.0025878362321829,0.00233354123877965,0.00217852746279358,0.00192862639077511,0.00165489847983851,0.00159394698194971,0.00157138697673301,0.00171004436748163,0.00216272176579147,0.00309228122856033,0.00282588174176569,0.00247066803933287,0.00223640325751318,0.00189865869681918,0.0015392620290247,0.00162410179857173,0.00156606235448421,0.0014202984502372,0.00154504080975596,0.00135370076512424,0.00127468631589899,0.00136760936938962,0.00130831226661179,0.00124903154906396,0.00120487989531808,0.00108097830488301,0.00117712130498835,0.00111397325904742,0.00105601976876741,0.00109241278278389,0.00113786210195014,0.000997531927809196,0.00101985089711971,0.000978772779269339,0.000909357919756405,0.000908823304669076
33,0.0041056185156203,0.00408010653157525,0.00445180424011349,0.00529592123424056,0.00473791209855193,0.0042263569700635,0.0026487841942316,0.00269294061209157,0.00272856183950117,0.00246023375518521,0.00242362780671868,0.00201778620127599,0.00175378618095983,0.0016635709758636,0.00163770098992094,0.00178816255456773,0.00222781923014871,0.00313542155915137,0.00281989316923521,0.00245331290566462,0.00225118436530296,0.00193680461772277,0.00159051242342104,0.00168077713910424,0.00161555548580567,0.00146415312854266,0.00157708810224667,0.00139361899855184,0.00132797513282943,0.00142830636904619,0.00136423530700491,0.00130017869661495,0.00127587211975523,0.00112968380108544,0.00121543156525652,0.00117223527587589,0.00109909268805202,0.00113838445529916,0.00116932884600464,0.0010300537852701,0.00103801926504064,0.00102270002719443,0.000942562508684258,0.00093989957669285
34,0.0042323093660699,0.00410439585234905,0.00470105484035525,0.00571074764723024,0.00518573957925023,0.00472441738808608,0.00280253561766031,0.00284888209453813,0.00285574050307351,0.00260199688049645,0.00276533839388315,0.0021138826535168,0.00190322065145513,0.00175875715974465,0.00172566271747041,0.00189041191677818,0.00231611081238857,0.00322805396280232,0.00283892202083375,0.00245892256335686,0.00229541154309682,0.0020039281743666,0.00166811570324645,0.00175889936894594,0.00168412498003474,0.00153201290022941,0.00160885972951955,0.00143956384731943,0.00140524894442274,0.00150988393382654,0.00143771331670213,0.001365556157506,0.00138526266787695,0.00119993518789072,0.00126549948451191,0.00125926469045119,0.00116860017837044,0.00119450387236297,0.00120580301658754,0.00106709505275925,0.0010595703445189,0.00109064585666157,0.000988181408341877,0.000984831113592704
35,0.00432903493619357,0.00407631471236747,0.00499045073780422,0.0062727388679634,0.00586302114159519,0.00532876457223733,0.00296640412685386,0.00303820497629667,0.00292287205835563,0.00276205161511198,0.00326460842341004,0.00222970188677873,0.00205330248542773,0.00182769602998282,0.0017838711802597,0.00197251251405427,0.00245189508780538,0.00325767081099576,0.00288403327635323,0.0024820469572545,0.00240643963996046,0.00203087829195478,0.00184289493008667,0.00182545189930228,0.00172667116576152,0.001581637821112,0.00159825600483725,0.0014500389323693,0.00146099275648343,0.00158111066244448,0.0014960654650953,0.00141103754446614,0.00149903006815054,0.00125179550688789,0.00129669953152214,0.00134240424029769,0.00121966261241101,0.00128540318688789,0.00124704283689116,0.00110763063129977,0.00106336958020035,0.00114803575652132,0.00107106678076338,0.00105869671784352
36,0.00441682274523845,0.00404866672612998,0.00527701046931158,0.00661939241821047,0.00626979402032429,0.00585927339178527,0.00312518307181814,0.00322222815266149,0.0030462244563849,0.00291390062490843,0.00370486671173866,0.00232287121486553,0.00217078889372867,0.00188012752829359,0.00182811334139619,0.00203921010500902,0.00257822087127383,0.00325458548665435,0.0029601442199603,0.00254684834704899,0.00250029423353919,0.00203873060021348,0.00192998843215757,0.00187819684541151,0.0017568269581721,0.00161556496629215,0.00158787983909245,0.00145663618071851,0.00150107826700544,0.00163887373068812,0.00154308543450385,0.00144732432201565,0.00158779871653708,0.00128955519776345,0.00132025094392518,0.00140677579182529,0.00125333567321279,0.00134087986961864,0.00129691295196916,0.00115709672261655,0.00110588325360575,0.00118965887237387,0.00113321023353323,0.00112944980616114
37,0.00455334745713257,0.00410016006416624,0.00550944269237533,0.00689156749923408,0.00660010261005576,0.00624776266557279,0.00327965837313512,0.00335953776250281,0.00315729485336565,0.00304106354750284,0.00391590735994701,0.00243056925250293,0.00228929024152589,0.00197310064815437,0.00191805088659105,0.00213749971411654,0.00271793249524631,0.0033478760045924,0.00306643157184296,0.00264590210474412,0.0026121768080956,0.00210771990936993,0.00203264590749757,0.00194925501050057,0.00182681608165465,0.00167754999807224,0.00164143968228461,0.00151691049736624,0.00157420896021149,0.00171303280578075,0.0016135412891495,0.00151408804022744,0.00167105781643053,0.00135548576150658,0.0013725487900902,0.00147774500628722,0.00131522626212106,0.00141015574254683,0.00135474691680248,0.0012142048016147,0.00116515614834391,0.00124762449737525,0.00119884501325656,0.00121123946998121
38,0.00473951605846658,0.00423209488857376,0.00568673107968284,0.00708616058506944,0.00684708832564196,0.00649131110960849,0.00342983959096383,0.00344958404628575,0.0032559651149449,0.00314329673653807,0.00389452196944543,0.00255296192076938,0.00240885426675863,0.00210694365492595,0.00205404002470702,0.00226766489769851,0.00286969811363569,0.00353882803968278,0.0032025088646055,0.00277968903986865,0.00274120060126895,0.00223835948861662,0.00215101619129964,0.00203877736748518,0.00193693194338284,0.00176778461141335,0.00175935174222717,0.00163118559062406,0.0016805977760178,0.00180371022843721,0.00170759107425597,0.00161151724575069,0.00174879234540458,0.00144974433201636,0.00145375238600591,0.00155536303109018,0.00140548627431662,0.00149331799257457,0.00142174158316001,0.00128027660534141,0.0012424199717113,0.00132201956389314,0.00126859661359219,0.00130493477452846
39,0.00497631828366377,0.00444583945904265,0.00580772032733045,0.00720658727934023,0.00701091918296527,0.00658642142415111,0.00357572913178629,0.00349175159442175,0.00334210236699003,0.00322032378675955,0.00363708760608868,0.00269023222372638,0.00252952999405398,0.00228202773840141,0.00223648432285853,0.00243002400864827,0.00303214928570435,0.00382884861712899,0.00336698069761044,0.00294741727236714,0.00288644262868282,0.00243121553264025,0.0022852653652998,0.00214692937856692,0.00208750060074619,0.00188648040055809,0.00194207677156272,0.00179982482507311,0.00182048501210723,0.00191104160796919,0.00182541117895494,0.00173982354201358,0.00182098258431009,0.00157250884472358,0.00156403838303758,0.00163968595841893,0.00152428726377873,0.00159046408125225,0.00149810771674717,0.00135571061267722,0.00133712058242363,0.00141294131968227,0.00134271033164213,0.0014105790000097
40,0.00510008770006577,0.00457560436300881,0.00587706805780475,0.00709271427427341,0.00693016859192054,0.00669419731435374,0.00373582342468766,0.00349318154124496,0.00339975817940215,0.00326683753223541,0.00326087664982891,0.00281497579481068,0.00263110060892484,0.00245639557018308,0.00242189159733779,0.00258761047811036,0.00322474977252048,0.00419449924567714,0.00362592592592592,0.00319484555844068,0.00307907064096385,0.0026136549417873,0.00237643421720752,0.00220016003244597,0.00221537996209547,0.00195640284094805,0.00209444284094806,0.00195337420717644,0.00194218608852755,0.00199221823248834,0.00191684621070964,0.00184150336483725,0.00183899178064334,0.0016604570106535,0.00163305119306937,0.00168245140768083,0.00161449425866908,0.00166518371010173,0.00159726109896783,0.00144540163116559,0.0014868139993301,0.00147162346419928,0.00140485658500102,0.0015344896703151
41,0.00519322565634842,0.00465309105157127,0.0059873342782137,0.00715242271461908,0.00700729101435494,0.00690715517809307,0.00390153136033404,0.00352732361579484,0.00346699626739096,0.00333130938566795,0.00303903069381766,0.00293137760432529,0.00273326620527517,0.00260493498805595,0.00257803393424496,0.00272539011577893,0.00338945608039027,0.00449931801675729,0.00379803063701347,0.0034087062893047,0.0032185116077428,0.00275636445329814,0.00245809648173935,0.00224161311163216,0.0023174176559006,0.00200798979205226,0.00220475909702528,0.00207178024799644,0.00204250954126503,0.00206304137544569,0.00199320142587487,0.00192337862882149,0.0018610700651334,0.00173003377303878,0.00168317469984851,0.00172117842502416,0.00168628788444153,0.0017311576592966,0.00169181223250977,0.00154246050248239,0.00160259550475323,0.00151970166986069,0.00149882249626442,0.0016657525873265
42,0.00546412377195114,0.00486285187880984,0.00618067876220138,0.00723560845143605,0.00709197857099447,0.00710738871723063,0.00404991583051544,0.00362392628556662,0.00357915411770514,0.00344353299324337,0.00298991857065607,0.00306929075194285,0.00286639641339522,0.00275743180601129,0.00273266761367241,0.00287319175487112,0.00356402559943137,0.00469852900547958,0.00399161564817812,0.00363408754740247,0.00338965896412692,0.00291798139181887,0.00260662444785229,0.00236710365092224,0.00245571235379135,0.00213431280408827,0.00236306833055108,0.00221495274539015,0.00217193577392865,0.00217458479739907,0.00211067895024928,0.00204678368771687,0.001965417120532,0.00185321059081401,0.00179641748684757,0.00182325733539224,0.00180226222129364,0.00183189958424567,0.00179525144900788,0.00165158898259064,0.00172165729512992,0.00161706300687983,0.00160819266490048,0.00181076883801649
43,0.00591668528415258,0.0052074735482945,0.00645918467902414,0.00735901707525655,0.00720013376495315,0.0072946092183342,0.00418075995746327,0.00378389758846001,0.00373688707135593,0.00360417752922398,0.00311570513880827,0.00322901715374205,0.00303087645249542,0.00291399092676114,0.00288584322683482,0.0030311833814672,0.00374867169431137,0.00479033915337742,0.00420710337373726,0.00386961883583442,0.00359299764069644,0.00309878444115221,0.00282273528498755,0.00257742960339041,0.00263065159895509,0.00233601633209775,0.00256986174609851,0.00238315315735462,0.00233074808573517,0.00232721801885072,0.00226964391364931,0.00221207931803316,0.00215267704855478,0.00203039972509323,0.00197323982252383,0.00198915328216489,0.00196275187040545,0.00196767773402544,0.00191001051872839,0.00177479858010534,0.00184496758577335,0.00176403300396433,0.00173488389977836,0.00197175990872385
44,0.00655542619401005,0.00568989401320131,0.00682514613215981,0.00753821343689833,0.00734721642574688,0.00746849446135111,0.00429381845770634,0.00400822312888406,0.00394091148719988,0.00381397686553181,0.00341854766451566,0.00341089171182234,0.00322713773747404,0.00307472371742259,0.00303760894434007,0.00319954900456551,0.00394362662326279,0.00477274166968429,0.00444496278307716,0.00411503945568917,0.00382907326133714,0.00329908555403873,0.0031072602591484,0.00287351461547202,0.00284267845267537,0.00261385490253022,0.00282571466352588,0.00257668120537285,0.0025192708821396,0.00252136169272079,0.00247051545395888,0.00241968323449785,0.00242359751276424,0.00226208766018738,0.00221418413965162,0.00221940685432752,0.00216814846105499,0.00213879927223673,0.00203817993439157,0.0019133756371278,0.00197362909969405,0.00196099171926866,0.00187954574365705,0.00215041610328821
45,0.00718476437502643,0.00614770370779993,0.00706605349477677,0.007730457858013,0.00748246635503855,0.00748564076034329,0.00419543525537958,0.00413753662015085,0.00402184566621967,0.00389537774140859,0.00358059290266889,0.00344204957045924,0.00335183733689889,0.00306035812510769,0.00308147473827946,0.00318631373207804,0.00403520148216767,0.00456287851799073,0.00461778767229198,0.00437313432835823,0.00398681981871728,0.00341267748776944,0.00335221259832574,0.00314213108959709,0.00299545043603077,0.00285691013144592,0.00305170873522267,0.0026883205040792,0.00261540301623373,0.00265120412719745,0.00261145780195298,0.0025717258678739,0.00267004301720751,0.00246043107828367,0.00242787050328884,0.0024176688617969,0.00233792805878077,0.00224357612209548,0.00214538291582272,0.00205158205265897,0.0020785420096969,0.00211537397850016,0.00206556484560951,0.00234008845447584
46,0.0077064495298265,0.00652414089037325,0.00725605866659831,0.00807965111805884,0.00777109926622282,0.00751429914031414,0.00410872882468833,0.00422630143118432,0.00407372878227499,0.00394577322219644,0.00362621374201618,0.00345962747970725,0.00345739063046029,0.00304392128351941,0.00312752541970477,0.0031668920980156,0.00412223850944618,0.00442441559730564,0.00477961162108097,0.00459659406059336,0.00412580662538258,0.00351539369088071,0.00355482881673508,0.00335672806581456,0.00312558052605346,0.00305185764946927,0.00324783905070447,0.00278464009407126,0.00269307899890267,0.00275492487702641,0.00272609554321402,0.00269727277966443,0.00286311722330045,0.00262438540419531,0.00260079084729184,0.00257485906430792,0.00247940167008105,0.00232589433625727,0.0023231233686689,0.00223374752807254,0.00223788569826118,0.00223774874546953,0.00224284879828133,0.00256637798869206
47,0.00827226293582056,0.00695701401181536,0.00765099282504942,0.00853916150034349,0.00815974329713542,0.00778718790246866,0.00434276143463406,0.00446377232941254,0.00431583886119115,0.00419432724618924,0.00388953418016299,0.00370770980675137,0.00367484889445828,0.00329373079665664,0.00333885993276479,0.00342375486471578,0.00436998931552089,0.00457444789328077,0.00504674080885659,0.00488231429415875,0.00438885165404646,0.00375301416681457,0.00382316719081936,0.00361859380656995,0.0033489605228244,0.00330417851551668,0.00349404952511343,0.00300743087400262,0.00291276594795761,0.00295859535677148,0.00293418980089154,0.00290978466687501,0.00309756672177289,0.0028421461853351,0.00281843170438932,0.0027836797468574,0.00267752397308905,0.00251034580542208,0.0025362172134841,0.00244339578250956,0.00242296547455495,0.00242674819252715,0.00243471018732194,0.00282269532751503
48,0.0088843436672359,0.00744825856123359,0.00825722470144531,0.00911450180815739,0.00865608033979382,0.0083119170230623,0.00490302965424637,0.00485262200484586,0.00475145087218224,0.00464435215800126,0.00437391967292934,0.00418967838977792,0.00400588862272838,0.00381323234419054,0.0037176771181339,0.00396061919265262,0.00478127787788933,0.00501822972340511,0.00542137531490969,0.0052316502068162,0.00477818872323326,0.00412759176137736,0.00415835454002364,0.00392854767940317,0.00366689082255139,0.00361474540422686,0.00379115377439911,0.00335823858654814,0.00327612897918245,0.00326343008500621,0.00323687725512894,0.00321032217186413,0.0033740151533259,0.00311440718866763,0.00308138766012778,0.00304478120343316,0.00293296331481607,0.0027979744242836,0.00278668757739685,0.00268211048062014,0.00263731632005602,0.00268306583664584,0.00264383784038951,0.00311269618143745
49,0.0095451218383094,0.00800009455194425,0.00908216895346501,0.00980701155377936,0.00926397214823672,0.00909706510439618,0.00579607258235936,0.00539595888974205,0.00538442015562422,0.00529977876726429,0.0050834503474876,0.00490963852268507,0.00445247447328431,0.00460672233642714,0.00426660516605166,0.0047821136516411,0.00535941847576102,0.00576169445888175,0.00590605236221954,0.00564616121891665,0.00529643995898525,0.00464156174979835,0.00456171540840047,0.00428754556448587,0.00408091144471173,0.00398459085991107,0.00414010183301558,0.00383893873701115,0.00378520266193451,0.0036708789916105,0.00363551747415466,0.00360015592144664,0.0036931919805014,0.00344199107055462,0.00339035948779917,0.00335893229749485,0.00324651218922958,0.00319004229873019,0.00307436024386675,0.00294987658457286,0.0028830623920946,0.00300753541669265,0.00287280975411029,0.00343911250623995
50,0.0101655275805811,0.00828640164967351,0.00984630861260296,0.0107440286871023,0.0100668518980168,0.00979258338512533,0.00671349942893062,0.00580991496436094,0.00591682980660124,0.00585197568846916,0.00569665511871854,0.00555518833541441,0.004768140969163,0.00535246271359112,0.0046942936482502,0.00555414023073652,0.00585737976782753,0.00651350693599416,0.00630798393509704,0.00597178180470915,0.00577740382326865,0.00514464051432651,0.00494232995432651,0.0045760883405989,0.00448136542093806,0.00433471210007119,0.00446126780456026,0.00433401523914171,0.00429854701232169,0.00401906166426378,0.00399182662124224,0.00396460723090853,0.00392283210103211,0.00370440029506493,0.00361610848072682,0.00360094789194848,0.00350003104882399,0.00357402149997974,0.00348102901900249,0.00331172503265598,0.00318995162114299,0.00326673055064267,0.00308189330178786,0.0038153727150676
51,0.0107812017598597,0.00854532020865303,0.0104930112281903,0.0116206499357755,0.0108699712061321,0.0103389914478873,0.00742915475884729,0.00613031391852519,0.00632925555459333,0.00627905187505543,0.00617226397150689,0.00605459010008692,0.005012989276847,0.00592890288274638,0.00501607167370752,0.00615075439419962,0.00625506997156527,0.007081413225497,0.00664688443998531,0.00626257842634038,0.00618308699958051,0.00556432903688904,0.00528520265971059,0.00483782937718158,0.00482465220718662,0.00465155215190586,0.00475390692749153,0.00475022867134374,0.00472259238448823,0.00430428066904952,0.00428968687584175,0.00427511947344095,0.00412819241836703,0.00393412741965732,0.00381490695697428,0.00381142211893808,0.00371857601260451,0.00389341102219908,0.00381566795821393,0.00361824800523265,0.00349753976185016,0.00348399235115985,0.00337743948445503,0.00422267349327104
52,0.0115048935365641,0.0092346295929926,0.0112847795136364,0.0125573777720733,0.0117502278466422,0.0110697100505133,0.00814531960363812,0.00666554803084176,0.00691671923054162,0.00688567515067681,0.00681815161237867,0.00669088537364322,0.00546835747696502,0.00660327612153339,0.00553629713966979,0.00684984067890334,0.00679515820996885,0.00766678640366632,0.00713048348328511,0.00670379435412091,0.00666457784065708,0.00601765290467756,0.00567581781973023,0.00521664040810972,0.00520063320841884,0.00500894365777612,0.00509894409334842,0.0051583873384626,0.00515428495337221,0.00468920239612143,0.00466157646959383,0.00463397079939533,0.00447655048565576,0.00426990726649811,0.00414624511078328,0.00413783783487931,0.0040346171615506,0.00423404365551332,0.00416037063637619,0.00393534658369551,0.00383537050552609,0.00380627211413258,0.00371929146531321,0.00467456451517723
53,0.0123424259685867,0.0103703961551542,0.0122291696230202,0.0135486628889807,0.0127024706322527,0.0119936286626724,0.00886333661111001,0.00742164707681263,0.00768455808350571,0.00767732412799013,0.0076396259670928,0.00746846150119421,0.00613902820477513,0.00737912249568364,0.00625967959595421,0.00765522473876116,0.00748196630748979,0.00827098849102443,0.00776322670799658,0.0072997010802253,0.00722434396022934,0.00650589704771639,0.00611557937810803,0.00571516535827201,0.00561031193264163,0.00540797780587514,0.00549768630646418,0.0055587898375097,0.00559427502883056,0.00517593920604022,0.00510913488141209,0.00504233224768384,0.00497059416190338,0.00471371062517325,0.00461244141146269,0.00458224880723948,0.00444987260830769,0.00459656684475892,0.00451888449442153,0.00427390343710821,0.00419274881911699,0.00423531366664973,0.0041104477474543,0.0051761345936714
54,0.0133006002822383,0.0119725469896802,0.0133351640283853,0.0145906626683215,0.0137213612923708,0.0131213406386991,0.0095845555509038,0.0084060169332783,0.00863931682335403,0.00866075243809419,0.00864326833753395,0.0083927038018251,0.00703092151774423,0.00826072665728882,0.00719212946983956,0.00857154259754167,0.008320715867647,0.00889549820204844,0.00855039797634994,0.00805536768362018,0.00786527364842879,0.0070305175698328,0.00660610224837707,0.00633656185639901,0.00605482873279475,0.00584990744353388,0.00595164450047383,0.00595170012993213,0.00604324983336826,0.00576703761145402,0.00563430995836197,0.00550156715524385,0.00561359020683039,0.00526791355750631,0.00521632052682097,0.0051471416757358,0.00496640946060446,0.00498170685334789,0.00498255390949356,0.0047175796774393,0.0047195359017377,0.00477324287349335,0.00455171307205149,0.00573224933830946
55,0.0141206388780678,0.0137230140116664,0.0144573871131934,0.0156954411696735,0.0148820876676087,0.0143148294308515,0.0102037462948238,0.00941875208873147,0.00928500730059051,0.00944680698279135,0.00948966069062086,0.00940284895622597,0.00799642222571404,0.00935281801292209,0.00796830743932084,0.00943420747692245,0.00939347004593094,0.00923839635765777,0.0091476095268161,0.00854956082036542,0.00827490436143371,0.00736018014637666,0.00687807009873831,0.0068093349548069,0.00627692373949287,0.00608346276102564,0.00617653537691123,0.00613579130110282,0.00634974733168664,0.00630480119945438,0.00605062090697487,0.00579641960006551,0.00617836226816498,0.0057533270380047,0.00575888669250291,0.00563681321058331,0.00539385154760594,0.0052199735305833,0.00529857069934006,0.00501059204323252,0.00513162249019239,0.00524373305852847,0.0051177460817585,0.0063381662817379
56,0.014910095982842,0.0152455977757183,0.0155369068962909,0.0168219962053746,0.0160166059795785,0.0154383969491185,0.0108509958636922,0.0103147219009591,0.00983237467488963,0.0101356866561987,0.0102475218031842,0.0103518798364896,0.00884224854270851,0.0104134312280498,0.00862946870725467,0.0102568099437085,0.0104018827866368,0.00958596631687302,0.00966512187030269,0.00895592504837194,0.00864699471756229,0.00767828608711365,0.00712624920390786,0.00721388865351936,0.00648390896957242,0.00629630578691493,0.00637235801683926,0.00633242884244418,0.00666052556248299,0.00678678926692602,0.00642627105636696,0.00606587671670044,0.00665745263769948,0.00617642889511114,0.00622180969535194,0.00605719291637298,0.00576330404991975,0.00544981819806328,0.00558295655893375,0.00526891893600813,0.00548317231539485,0.00565153145891358,0.00559499213632801,0.00694281176169987
57,0.0160006510340621,0.0166889979171259,0.01670266152746,0.0180033829655294,0.0171549215536817,0.0165736450416239,0.0117045420867951,0.0112298151019077,0.0109035799312927,0.01118356755308,0.0113059885930104,0.0112314372465152,0.00962449955582183,0.0112153746602984,0.00957448044588159,0.0112199031588726,0.0111127302277608,0.010397409102579,0.0105165618831007,0.00979829336410144,0.00940304138629108,0.00831627650606901,0.00772601824992269,0.00787007664433934,0.00704435321243113,0.00684069526724196,0.00693144032413469,0.00685994347610706,0.00720559042807983,0.00737411575716955,0.00698713020002157,0.00660057241730317,0.00728028832894782,0.00672420959517048,0.00679981452854926,0.00661173496904965,0.00628522168095121,0.00591431983688829,0.00610233664023876,0.00576863595735679,0.00602499341038208,0.00617942022880932,0.00612596504700579,0.00766278985476504
58,0.0174129311049909,0.0180527692456877,0.0179626569728436,0.0192457291733406,0.0182995622717036,0.0177236889354944,0.0127750832833639,0.0121668098057398,0.0125223382986308,0.012607844217165,0.0126802368986278,0.0120404474128736,0.0103424378470149,0.0117493295375403,0.0108154691916121,0.0123315192162198,0.011514709915171,0.0116923480864746,0.0117167215317651,0.0110942226598664,0.0105578772309872,0.00928507895856292,0.00868840427300505,0.00878629563998006,0.00796831376169707,0.00772581418119665,0.00786393295814758,0.00772750367318093,0.00799197389332311,0.00807052573486937,0.0077387835639166,0.00740771919900981,0.00805170663551888,0.00740053086181446,0.00749663785024288,0.00730449507347723,0.00696383663159329,0.0066191815919712,0.00686268680459836,0.00651550940096686,0.00676204223554105,0.00683084836878018,0.00675189467291025,0.00860833333026321
59,0.0191720215454576,0.019334997165671,0.0193261756131959,0.0205559602869263,0.0194530435529488,0.0188917592894711,0.0140755348765984,0.0131286884977955,0.0147194779220238,0.0144305880217472,0.0143893614041542,0.0127771178321754,0.0109947611933574,0.0120036352993988,0.0123677913167996,0.0136013237958739,0.0115941408685232,0.0134953207576609,0.0132839777868751,0.0128659362120182,0.0121300185712017,0.0105981777861597,0.0100270907010023,0.00997294090907411,0.009268333368181,0.00896309466690991,0.00918253667358395,0.0089464657621188,0.00902826304544007,0.00888048284435304,0.00868804922911233,0.00849625348690051,0.00897758812347433,0.0082100461076645,0.0083167822220752,0.0081403906550731,0.00780430748236488,0.00757142289402697,0.00787143993474181,0.00751674528639635,0.00770047851733138,0.0076099919905315,0.00747614296253497,0.00978871801206266
60,0.0209100414516538,0.0207729026351926,0.0206330073348552,0.0218949571322487,0.02050957251508,0.0199942791762014,0.0149645031691647,0.0137574442312303,0.0173301030673839,0.0164789351303743,0.0162787763109061,0.0130362969895989,0.0110090421417067,0.0114741247859757,0.0138567106295417,0.0147366583154659,0.0109847950448753,0.0156366550895004,0.0150080977034382,0.0149793818591899,0.0139128427287966,0.0120492750704961,0.0114516776306936,0.0112246546666667,0.0106605618721744,0.0102709574340286,0.0106149117337759,0.0102175632572112,0.0100163726182075,0.0096351697742196,0.00964352544124133,0.00965217841566711,0.00990894051122276,0.00895521953914304,0.0090955742039315,0.00888758963401263,0.00858673175201819,0.008530794900066,0.00890187042225886,0.00853748936001,0.00864447513447989,0.00832884866335802,0.00806721368792241,0.0108192274794136
61,0.0225560053522162,0.0223968502843345,0.0219848378247206,0.0233113184301941,0.0216574019953427,0.0211824912680112,0.0157590932571352,0.0144148545429975,0.0197100325269024,0.0183839514500957,0.0180591039134167,0.0133718257980816,0.0110815293175202,0.0111268266623906,0.0152172803291149,0.0158372385495282,0.0105816583656608,0.0175536684767858,0.0165812572170356,0.0168843923289705,0.0155042777034219,0.0133328303238524,0.012682628881295,0.0123479103630131,0.0118535630766057,0.0113910134939807,0.0118421995698901,0.0112998774073599,0.0108751492602783,0.0103444119044411,0.0105024539713308,0.0106605097440095,0.010773783746124,0.00963886862705715,0.00982111393321875,0.00956655229526422,0.00928788161699189,0.00935501931355837,0.00980021992119974,0.00942023276728071,0.00948500428516235,0.00898698585353391,0.00861357132229851,0.011737520864692
62,0.024484769556566,0.0239830545522107,0.0236194147616175,0.0248860144782106,0.0231182423436148,0.0226348779096235,0.0173045931164978,0.0156670000111083,0.0217210417370013,0.0201531092221333,0.0197583849473223,0.0144945972219186,0.0121646179822614,0.011980465736085,0.0168185412630494,0.0172701862794635,0.0112217606538708,0.0191480403868063,0.0180766877824482,0.0184512750345173,0.0169237797299002,0.0145135958451404,0.0138846320875455,0.0134624608222602,0.0129979105917461,0.0124875828131843,0.0129891047906825,0.0123846956172079,0.0118752145866968,0.0111905488656833,0.0114136563169416,0.0116366986418109,0.0116931546786408,0.0104686928317589,0.0106600171374594,0.0104293111377207,0.0101249350021788,0.0102218260333276,0.0107252053972261,0.0103297188511851,0.0103713533978524,0.00977995063661832,0.00940015715000019,0.0129669136853201
63,0.0267286401546795,0.0255311673960253,0.0255662762333261,0.0266371760940838,0.0249229640848324,0.0243774446091981,0.0196547247365753,0.0175523177828152,0.023341461246586,0.0217823914243929,0.0213763182346616,0.0164505735334389,0.0143071050059641,0.0140920628979434,0.0186810852997023,0.0190612376528633,0.0129517273162912,0.020401725511226,0.0194936279205829,0.0196618474489351,0.0181647555953427,0.015589089262284,0.0150595043419983,0.0145706819980194,0.014094355915433,0.0135624367866295,0.0140548933318808,0.0134749195306356,0.0130251213355724,0.0121809475777233,0.0123812869051187,0.0125816327405408,0.0126713751911351,0.0114520101242454,0.0116184352610169,0.0114847476622139,0.011104673594295,0.0111346562341671,0.0116799623025015,0.0112690046416701,0.0113071913579275,0.0107141485760314,0.0104368348693131,0.0145257841362803
64,0.02932756899634,0.0270396437805229,0.0278616065987396,0.028586425635833,0.0271092074134645,0.0264417564181146,0.022879283595688,0.0201194811821018,0.0245399758365739,0.0232645462229262,0.0229106964951522,0.0192982361656716,0.0175731792324295,0.0175345384702246,0.0208304178737876,0.0212424492100723,0.0158290464623765,0.0212901029543008,0.0208297510610169,0.0204912827431703,0.0192175318751305,0.0165553300268728,0.0162086295118263,0.0156748190199744,0.0151429835525443,0.014617038075463,0.0150377373050972,0.0145734799058461,0.014335142949424,0.0133243936755344,0.0134100674878833,0.0134958276053738,0.0137133666752392,0.0125976079305915,0.012703665738875,0.0127436698680553,0.0122352423183567,0.0120973838765864,0.0126679153936286,0.0122414322215922,0.0122966640736031,0.0117972646273367,0.0117357700572318,0.0164372833496871
65,0.0321060446200771,0.0282754751799225,0.030577375918564,0.0309818544137654,0.0299226992506184,0.0290809286721273,0.0268936432133851,0.0227849340715654,0.0255319693420664,0.0245660955765099,0.0242528632265998,0.022308019488804,0.0213992653138682,0.0212619701665361,0.0228037895702194,0.0234284055740627,0.0183297974927676,0.021695652173913,0.0219322575955808,0.0208344748858447,0.0198628994628214,0.0170376654210753,0.0170335427280978,0.0164917628948101,0.0159409133132672,0.0153826131510733,0.0156761652506499,0.0154839815991256,0.0154416024191231,0.0142704979988352,0.0141792548960319,0.0140880411858794,0.0144804666056949,0.0135186080432068,0.0135827477821871,0.0139031349232067,0.0132513564111614,0.0127800946511614,0.0135345518960127,0.0130822586538561,0.0131250193276585,0.0126856853010354,0.0130191135287251,0.0184098138587837
66,0.0349907831368665,0.0296984952946719,0.033368913901893,0.0335241052337013,0.0327840056161664,0.0317849456926735,0.0306899756657212,0.0252114071858722,0.026953354971073,0.0261222647896977,0.0258057220593227,0.0249504296128186,0.0247367964390325,0.0243482331361062,0.0247702787253876,0.0255514543741939,0.0202123395861657,0.0224206251493927,0.0232076440876274,0.021500462256441,0.0207134084777343,0.017647749224354,0.0179482798324339,0.0173792249185028,0.0168362391936661,0.0162224566184052,0.0164272095071727,0.016456212898604,0.0165150241853284,0.0151728956680648,0.014959888879042,0.0147468610338421,0.0152584349839522,0.014385408301774,0.0144300995027569,0.0149924331868244,0.0142235022491131,0.0134726801590324,0.0144329636669718,0.0139518423058161,0.0139677134301909,0.0135235985091038,0.0141917657728593,0.0202856170891194
67,0.0381915976283527,0.0318283029346598,0.036016967196072,0.0358151809909277,0.0351547032936181,0.0340413473116776,0.0338861049418431,0.027882489186866,0.0289195794887102,0.0282173456386189,0.0279182096542708,0.0277660314802376,0.0276800843353247,0.0274641579412798,0.0273449657047912,0.0280207213488838,0.0229885452580898,0.0240173196980848,0.0250469264684759,0.0230297137995989,0.0223308867905095,0.0191051662053092,0.0194916811574467,0.0188290927012229,0.018230033425252,0.0176138993472013,0.0178087460485401,0.0178334749532087,0.0180352148052742,0.0164847721411885,0.0162336587733069,0.0159826229657116,0.0165559501708075,0.0156965786463248,0.0156897493890314,0.01635150149211,0.0154715046698864,0.0146731347567823,0.0156092756564793,0.0151101123312966,0.0151446920403368,0.0147489915268998,0.0155023535546541,0.0223114189784591
68,0.0417650715579015,0.0347575741599604,0.0385059525275144,0.0378206795306286,0.0369692801011019,0.0357925184137416,0.0364193402223196,0.0308360998509195,0.0314964112904527,0.0309158967435696,0.0306567113086493,0.0307871663158107,0.0302055181670506,0.0306321675317014,0.0306020777221455,0.030882696416279,0.0267499026593923,0.0265710213968103,0.0275095452491004,0.0255031232545263,0.024785633829966,0.0214757976393848,0.0217147939039461,0.0208855978496373,0.0201605158998627,0.0195975506251165,0.0198671452792718,0.0196467944712252,0.0200371202241932,0.0182350765739697,0.018034114781114,0.0178333621853003,0.0184089420917128,0.0174819144578923,0.0173893422784991,0.0180007163701555,0.0170146492429276,0.0164125442087857,0.0170826742298989,0.0165762859147624,0.0166779082389068,0.0163865007155838,0.0169625487815783,0.024507551480226
69,0.0457823043024744,0.03860427414696,0.0408120198474392,0.0394945005971264,0.038141361886144,0.0369628535477514,0.038197393681138,0.0341190172298441,0.034766663103117,0.0342998391727556,0.0341057098369425,0.0340525518717371,0.0322734376026107,0.0338755807379326,0.0346385425896795,0.0341959777714335,0.0316219345991587,0.0301894161801717,0.0306706090341499,0.0290226339251076,0.0281668482548504,0.024843776567418,0.0246825048018594,0.0236045125401651,0.0226756144357912,0.0222246916054041,0.0226610999895206,0.0219348357979504,0.0225648888604233,0.0204599867025791,0.0204033801484036,0.0203469858857037,0.0208626058237794,0.0197789661585976,0.0195634551593122,0.0199652292017484,0.0188766985466374,0.018730159123643,0.0188766571847418,0.0183739652001849,0.0185945062597025,0.0184669833535581,0.018586293608091,0.0268982888640041
70,0.050902195235871,0.0432677921795012,0.0431821852492462,0.0407578812022134,0.0387939778129953,0.0377244444444444,0.0398717357251048,0.037981066164046,0.0384406343776705,0.038138010129001,0.0380716077440067,0.0379351958675794,0.0346018770720167,0.0378280153615297,0.0391123701605288,0.0380402546899044,0.0380440413936514,0.0345873859177292,0.0344086590053694,0.0331942511772888,0.0320968727517249,0.0285983080166763,0.0277849665797542,0.0263423798583563,0.0251994780650836,0.0250131326200395,0.0256939947173477,0.0242888065805236,0.0252699109580583,0.0226885829959514,0.0228395556142555,0.0229906515007937,0.0233710196667263,0.0221004402975024,0.0216840913578621,0.0217418420932246,0.0205515554955392,0.0211507295742259,0.0204415877027543,0.0200990389506515,0.0204670773549451,0.0206439194286759,0.0200208061744095,0.0294723200069857
71,0.0566752742002729,0.0480117030541278,0.0461021102842616,0.0424860318400133,0.0400429480411872,0.0390458947398055,0.0424089688525007,0.0421853349356846,0.0421550230244057,0.0420449056757417,0.0421038602680455,0.0422272307520375,0.0376132124495678,0.0423266933610003,0.0437049994431232,0.0421318521432238,0.0445588290197636,0.0387842627736579,0.0381361544619524,0.0371329440972012,0.0358415295676256,0.0320525267343461,0.0306992605508992,0.0289008003431442,0.0275675219221207,0.027623107016691,0.0285107015548055,0.026539902300201,0.0278765819235632,0.0247903665204173,0.0250991603816353,0.0254081227326346,0.0256917752428137,0.0242710756965762,0.0236614210480594,0.0234641279258726,0.0221519938682629,0.0233701041497716,0.0219216403561455,0.0217384200722852,0.022230845806167,0.0226924862063809,0.0214693193750338,0.0322211767203661
72,0.0622658010535182,0.052678850239712,0.0496158097764194,0.0452745221245982,0.0423634479219604,0.0412677777726917,0.0456320591117799,0.0464216223763701,0.0461292736638628,0.0461669211144374,0.0462741085473147,0.0464971230328473,0.0407824907469689,0.0466754892116928,0.0487579299288875,0.0463249178047648,0.0500567766664809,0.042658388685039,0.0417491399290848,0.0408808873746705,0.0394995107216983,0.0355715630849404,0.0339716266116533,0.031917203293062,0.030353682158276,0.0304366406738568,0.0314530102244166,0.0290728719731823,0.0306563750929274,0.0272313936122781,0.0276246719845647,0.0280183338097124,0.0283181884389883,0.0267505695055937,0.0260400513213302,0.0257646244454358,0.0242974854349031,0.0257647786405634,0.0239975530430144,0.0237349086963996,0.02432896576886,0.0248890859114441,0.0234308537778173,0.0351992761395433
73,0.0676212968820896,0.0572590193655451,0.0538402864640403,0.0493178323379709,0.0459399320621795,0.0445404439147922,0.0496678451773068,0.0507083147660622,0.0504196161134417,0.0505543451572912,0.0506192116955194,0.0507538084810041,0.0441407702842382,0.0508610228062613,0.0543828187455437,0.0506499466622032,0.0543744509957686,0.0461692473664818,0.0452392276138667,0.0444217660401313,0.0430721415679537,0.0391818461243538,0.0376638987407476,0.0354609387826862,0.0336181326349815,0.0334894079770796,0.0345489729105736,0.031928574782385,0.0336409858822863,0.030056457385521,0.0304544180005171,0.0308530164125447,0.031294339149383,0.0295806416812156,0.0288692253738284,0.0287088574254123,0.0270462738178369,0.0283618760727294,0.0267311159912327,0.0261275079441951,0.0267998311754559,0.0272559756620984,0.025957746989368,0.0384476813943107
74,0.0726451439828499,0.0617242185329058,0.058928803734044,0.054870397492052,0.0510092142470131,0.049055351674622,0.0546824591650905,0.0550598593107038,0.0550950704703134,0.0552672528976632,0.0551800771206891,0.0549981561034436,0.0477246028102237,0.0548519908642173,0.0607244588645676,0.0551387423616815,0.0572470758581856,0.0492510925759166,0.0485870960170939,0.0477239176298501,0.0465525236089991,0.0429114508471273,0.0418545802530752,0.039621454993077,0.0374378478578532,0.0368247297587316,0.0378311162544755,0.0351578593274436,0.0368683875318864,0.0333219760108377,0.0336359529341419,0.0339505919170514,0.0346754659990131,0.0328135980411292,0.0322116066648256,0.0323815884001116,0.0304733053151507,0.0311940500405233,0.0302019446007695,0.0289651875881308,0.0296915884392393,0.0298196508128045,0.0291167327065121,0.0420167114304465
75,0.0792069158169598,0.0673717134465293,0.0654701267712889,0.0619319588688187,0.0574603636437845,0.054821543750626,0.0610138604252165,0.0603945608967739,0.0608669349273407,0.0610512422974311,0.0607749679651917,0.0601996879829284,0.0521583054129267,0.0597389510667677,0.0683870257005457,0.0606440229895338,0.06065384662371,0.0530071099451468,0.0526807569367128,0.0516990975434197,0.05070322177541,0.0472312420481443,0.0466996790546926,0.0444063686387189,0.041821846153137,0.0406537923227222,0.0416085827981872,0.0388776516719601,0.0405897918188426,0.0370371154390665,0.0372523264414417,0.0374680005063016,0.0385203945351366,0.0364671690336444,0.0359846382083486,0.0365326437332616,0.0343290693917958,0.0343822050945147,0.0340610547603726,0.0317314380155366,0.0325222647359513,0.0322121978203462,0.0324329845386308,0.0461638160646827
76,0.0879103687505057,0.074531669129632,0.0728999654039133,0.0694208749898894,0.0641191874956197,0.0607962426306669,0.0680164974999086,0.0669151885228378,0.0676737088421456,0.0679299001167015,0.0675028278501448,0.0666143456664122,0.0573049359115143,0.0659035645860998,0.077491148703458,0.0673004901500228,0.0660213425292149,0.0578723732011133,0.0577215000168598,0.0566664559269059,0.0557560358129751,0.0522777176787732,0.0520649241609012,0.0495695405021199,0.0465202944040738,0.0448980006231322,0.0458798730318575,0.0428996355749762,0.0447373322423393,0.0409799041432079,0.0411522095365485,0.0413248262598565,0.0426606558674708,0.0403612207012635,0.0399252312351408,0.0407501407097826,0.0382163678144242,0.0378450082925109,0.0379033655273109,0.0345427171384334,0.0354330755716589,0.034795405141168,0.035725615749738,0.0508219125951685
77,0.0970372687921062,0.0820209478443121,0.0804173430658384,0.0769732078201059,0.0706343717386891,0.0665124118401932,0.0751378294109365,0.0738370825722582,0.0748494661584132,0.0752552272986539,0.0746580506121492,0.0734170977097002,0.0624578420980147,0.0724256763633267,0.0878514511026927,0.0743752867558232,0.0718646714236914,0.0628779276134328,0.0628779349169927,0.0618403972890099,0.0610682042259654,0.0577221502241015,0.0578586338520556,0.0551167706738172,0.0515067692132101,0.049370269160107,0.0503884084914137,0.0470703299436002,0.0490769509584155,0.0451016687561352,0.0452412034805887,0.0453808540077851,0.0470317333927553,0.0444611662198858,0.0440679133426864,0.0451872749006192,0.0422791522573753,0.0414682003204229,0.0419859016301177,0.0380918914091396,0.0390972895931292,0.0382243556097235,0.0394942415843956,0.0557927522180393
78,0.106887451407606,0.0900674068659828,0.0881698450960236,0.084716563415601,0.0770741147414526,0.0720124872210459,0.082520028750106,0.0813747114222689,0.0826011571724633,0.0832546917111672,0.0824624654082949,0.0808188152319647,0.0677149856882174,0.079508118497577,0.0999831370276798,0.0820876591449778,0.0784300335049946,0.0681561726049744,0.0682735174830952,0.0673579696313966,0.0667804754939769,0.0637106271637627,0.0642272139431342,0.0611744291450683,0.0568811060106911,0.0541596207687093,0.0552293214156536,0.0514615231225063,0.0536934198929453,0.0494696691688214,0.0495893440824716,0.0497089251959089,0.0517128235542288,0.0488350890199541,0.0484773793954767,0.0499108946400546,0.0465715097143103,0.045309544980098,0.0463658543090612,0.0425026910097002,0.0436445281397323,0.0426378087488175,0.0438280524103242,0.0611502086350891
79,0.11729242074631,0.0985957440754639,0.0960001167177386,0.0925456430279096,0.0832710422543323,0.0770923370130017,0.0900747439744732,0.0895562792378152,0.0909516467863528,0.0919904549412888,0.0909636775540719,0.0888380368194145,0.0729711387273021,0.0871473056111295,0.114468075467814,0.0904784570988056,0.0857129961475366,0.0736269690524395,0.073831729397309,0.0731836133149725,0.0728921983949451,0.0703263428016203,0.0712903424668019,0.0678542130925767,0.0627167532200997,0.0593036896124069,0.0604363431583309,0.0560907346940071,0.0586088955791901,0.054120012543336,0.0542310847484626,0.0543418377086831,0.0567537860629889,0.0535276145522479,0.0532038551447051,0.0549885647556844,0.0511465303836181,0.0493928795659996,0.0511127513710216,0.0479400777702791,0.0492481081752088,0.0482214196292511,0.0488429490029092,0.0669851318630471
80,0.113257965024878,0.0986994945517121,0.0946190564899604,0.0882308040927535,0.0829630098301569,0.0799119092849625,0.0925766668891613,0.09064473690879,0.0949924609073088,0.0938884657790216,0.0933935823660095,0.0898404363695845,0.0816047263418474,0.0876905623139443,0.105888694076603,0.092035234947743,0.0841448930334239,0.078426731101884,0.0790611384995347,0.0777851679838115,0.0754703123176657,0.0742421267742571,0.0690420507230661,0.0663629330943705,0.0627727863545361,0.0612821650529802,0.0627134131015006,0.0587758868538795,0.0608737929554845,0.0554813586407774,0.0559762498079278,0.056477656294552,0.0583053596731698,0.0550176281401932,0.0546969439177085,0.0557256226229904,0.0523888817623982,0.0523888817623982,0.0566128285802787,0.0537197681402417,0.0552330784921579,0.0540725514635191,0.0543909414086953,0.0740242697027017
81,0.122042025833928,0.106434967888699,0.101769725300868,0.0946507919436987,0.089054293000654,0.0858146722409066,0.100307737688003,0.0984923837162664,0.103090336206916,0.101911670919061,0.101386812656131,0.0976548935858369,0.0889346945103566,0.0953944996017305,0.115591191826339,0.0999699497874922,0.091521150654182,0.0849457579164581,0.0857031676646961,0.0844054854275625,0.0819425233984038,0.080684501377469,0.0752123539292117,0.0723252365971477,0.0684406409463837,0.0668499294847841,0.0683944104710983,0.0640661651045662,0.0663738612407929,0.0604952371006582,0.0610663418814323,0.0616462590555883,0.0636335239537888,0.0601062846465756,0.0597582580811335,0.0609136530815447,0.05727163857532,0.05727163857532,0.0630490430152798,0.0599417377870056,0.0617105736432711,0.0602765474684873,0.0606068010654551,0.0826147595587422
82,0.131402963717178,0.114709191976716,0.109421539232145,0.10152939434482,0.0955913739616357,0.0921556778312446,0.108602190754407,0.106924443375284,0.111777899018003,0.110522056128429,0.109966415908473,0.106054218988518,0.096838241664471,0.103682057204796,0.125998096049097,0.108491537680779,0.0994630786439918,0.0919659743206619,0.0928563628836763,0.0915402460202653,0.0889237340165922,0.0876382376759661,0.081888456193389,0.0787826691902166,0.0745871506206646,0.0728919926716811,0.0745558986559418,0.0698103697294384,0.0723422772267563,0.0659462627270306,0.0666002463316723,0.0672655979285432,0.0694224087498418,0.0656433736309655,0.0652663050841341,0.0665586325150297,0.062591029061417,0.062591029061417,0.0703314542559186,0.0677519140173399,0.0698488371071026,0.0682373985495335,0.0680068768302926,0.0925355223313399
83,0.141366917980126,0.123551520857128,0.117604233408421,0.108896714427759,0.102604863234384,0.0989657870311887,0.117491121792892,0.11597287271828,0.121086022557214,0.119750747967456,0.119163627444624,0.115070605889518,0.105349581943356,0.112585981179924,0.137137995348632,0.117631627930531,0.108003970411206,0.099520312715941,0.100553810274983,0.0992229199101482,0.09644777111773,0.0951375260751317,0.0891055908558029,0.085770680432279,0.0812478989259178,0.0794440906312448,0.0812335610065511,0.076043818221507,0.0788145866368358,0.0718696172337526,0.0726133935292969,0.0733713584232228,0.0757077889389851,0.0716648045616072,0.0712569775195314,0.0726967654924897,0.0683829276581727,0.0683829276581727,0.0787028455794219,0.07761176975773,0.0801439085402838,0.0784682542661627,0.0769321005679945,0.104228674134579
84,0.151959834140784,0.132991860445224,0.126348538974986,0.116784325391098,0.110127028765034,0.106277623297902,0.127006073527327,0.125669907764109,0.131045690475512,0.129629037908331,0.129009866922701,0.124736544902831,0.114503564575448,0.122139382954514,0.149037865469093,0.127422067659035,0.117177757402691,0.107643049339485,0.108829845901678,0.107488231569071,0.104549815474171,0.103217923226245,0.09690053304383,0.0933264061877797,0.0884603550133624,0.0865439104637566,0.0884649572174429,0.0828039544414632,0.0858283304493344,0.0783027729624744,0.0791434624430872,0.0800014296771355,0.0825275445111077,0.0782087416250636,0.0777684391790262,0.079366452499598,0.0746855870001083,0.0746855870001083,0.088499651664298,0.0902068436787112,0.0933381040970396,0.0917395033418589,0.0878734447733297,0.118343927341254
